{"stats":{"minecraft:crafted":{"minecraft:lapis_lazuli":9},"minecraft:killed":{"minecraft:enderman":561},"minecraft:dropped":{"minecraft:wheat_seeds":1,"minecraft:ender_pearl":426},"minecraft:killed_by":{"minecraft:enderman":1},"minecraft:custom":{"minecraft:time_since_rest":28390,"minecraft:sprint_one_cm":57297,"minecraft:open_enderchest":2,"minecraft:damage_taken":634,"minecraft:walk_one_cm":49238,"minecraft:mob_kills":571,"minecraft:interact_with_anvil":2,"minecraft:drop":29,"minecraft:inspect_hopper":1,"minecraft:damage_dealt":610,"minecraft:fly_one_cm":46718,"minecraft:open_barrel":4,"minecraft:open_chest":52,"minecraft:crouch_one_cm":3264,"minecraft:play_time":66515,"minecraft:deaths":1,"minecraft:sneak_time":769,"minecraft:walk_under_water_one_cm":5028,"minecraft:jump":172,"minecraft:interact_with_blast_furnace":1,"minecraft:leave_game":8,"minecraft:walk_on_water_one_cm":737,"minecraft:time_since_death":28346,"minecraft:interact_with_smoker":5,"minecraft:total_world_time":66515,"minecraft:climb_one_cm":1764,"minecraft:fall_one_cm":4481,"minecraft:horse_one_cm":3066},"minecraft:mined":{"minecraft:magenta_stained_glass":1,"minecraft:anvil":1,"minecraft:short_grass":5,"minecraft:iron_block":4,"minecraft:grindstone":1,"minecraft:sugar_cane":1},"minecraft:used":{"minecraft:end_rod":1,"minecraft:diamond_pickaxe":6,"minecraft:ender_pearl":3,"minecraft:diamond_sword":60,"minecraft:golden_carrot":6,"minecraft:grindstone":1},"minecraft:picked_up":{"minecraft:golden_carrot":10,"minecraft:anvil":1,"minecraft:wheat_seeds":1,"minecraft:grindstone":1,"minecraft:iron_block":4,"minecraft:end_rod":4,"minecraft:ender_pearl":246}},"DataVersion":3953}