{"stats":{"minecraft:picked_up":{"minecraft:oak_log":6,"minecraft:ender_pearl":48},"minecraft:custom":{"minecraft:jump":39,"minecraft:time_since_rest":3731,"minecraft:sprint_one_cm":5310,"minecraft:damage_taken":196,"minecraft:crouch_one_cm":766,"minecraft:leave_game":2,"minecraft:play_time":3731,"minecraft:time_since_death":3731,"minecraft:walk_one_cm":3410,"minecraft:sneak_time":409,"minecraft:climb_one_cm":472,"minecraft:total_world_time":3731,"minecraft:fall_one_cm":418,"minecraft:fly_one_cm":11075},"minecraft:mined":{"minecraft:grass_block":1,"minecraft:short_grass":1,"minecraft:oak_log":6,"minecraft:oak_leaves":2}},"DataVersion":3953}