{"stats":{"minecraft:picked_up":{"minecraft:seagrass":8,"minecraft:creeper_head":1,"minecraft:flower_pot":2,"minecraft:lead":18,"minecraft:smithing_table":3,"minecraft:magenta_carpet":9,"minecraft:diamond_sword":4,"minecraft:enchanted_book":9,"minecraft:amethyst_block":34,"minecraft:string":1020,"minecraft:pufferfish":17,"minecraft:shroomlight":4,"minecraft:sculk_shrieker":5,"minecraft:beetroot":152,"minecraft:gold_nugget":16,"minecraft:cobbled_deepslate":2888,"minecraft:trial_key":8,"minecraft:enchanted_golden_apple":2,"minecraft:melon_slice":78,"minecraft:golden_helmet":2,"minecraft:sheaf_pottery_sherd":1,"minecraft:jukebox":7,"minecraft:composter":1,"minecraft:purpur_pillar":555,"minecraft:golden_axe":1,"minecraft:cherry_log":36,"minecraft:waxed_copper_grate":38,"minecraft:deepslate_tile_stairs":1,"minecraft:golden_chestplate":3,"minecraft:light_blue_wool":63,"minecraft:tropical_fish":1,"minecraft:carved_pumpkin":26,"minecraft:iron_block":180,"minecraft:armadillo_scute":95,"minecraft:red_tulip":1,"minecraft:cyan_terracotta":1,"minecraft:glowstone":66,"minecraft:bookshelf":280,"minecraft:end_rod":66,"minecraft:white_terracotta":26,"minecraft:waxed_cut_copper":2,"minecraft:iron_bars":23,"minecraft:snowball":90,"minecraft:water_bucket":1,"minecraft:feather":3,"minecraft:cooked_beef":135,"minecraft:medium_amethyst_bud":1,"minecraft:cherry_leaves":13,"minecraft:iron_door":2,"minecraft:brown_wool":1,"minecraft:flint":451,"minecraft:disc_fragment_5":2,"minecraft:brown_candle":2,"minecraft:large_amethyst_bud":6,"minecraft:diamond_helmet":1,"minecraft:glowstone_dust":26,"minecraft:chiseled_polished_blackstone":6,"minecraft:stripped_spruce_log":3,"minecraft:ink_sac":59,"minecraft:dark_oak_log":1,"minecraft:red_terracotta":1,"minecraft:blue_terracotta":84,"minecraft:deepslate":26,"minecraft:granite":50,"minecraft:bread":3,"minecraft:chainmail_helmet":2,"minecraft:music_disc_precipice":1,"minecraft:ominous_trial_key":13,"minecraft:dark_oak_fence":3,"minecraft:bricks":3,"minecraft:spruce_leaves":32,"minecraft:music_disc_5":1,"minecraft:crafting_table":3,"minecraft:coarse_dirt":54,"minecraft:ominous_bottle":5,"minecraft:nether_wart":616,"minecraft:leather_leggings":2,"minecraft:music_disc_creator":9,"minecraft:purpur_block":1572,"minecraft:wind_charge":91,"minecraft:elytra":2,"minecraft:flow_banner_pattern":1,"minecraft:iron_shovel":1,"minecraft:white_carpet":1,"minecraft:cracked_stone_bricks":3,"minecraft:deepslate_diamond_ore":10,"minecraft:music_disc_otherside":3,"minecraft:chiseled_tuff":2,"minecraft:cyan_wool":39,"minecraft:minecart":3,"minecraft:poppy":959,"minecraft:spruce_slab":1,"minecraft:guster_pottery_sherd":8,"minecraft:chest":11,"minecraft:diamond_hoe":4,"minecraft:waxed_oxidized_copper":3,"minecraft:sandstone":1,"minecraft:stone":973,"minecraft:amethyst_cluster":2,"minecraft:white_dye":1,"minecraft:flow_pottery_sherd":2,"minecraft:carrot":695,"minecraft:redstone":729,"minecraft:music_disc_creator_music_box":1,"minecraft:tnt":2,"minecraft:waxed_oxidized_chiseled_copper":2,"minecraft:diamond_chestplate":3,"minecraft:cooked_cod":1,"minecraft:decorated_pot":13,"minecraft:beetroot_seeds":457,"minecraft:deepslate_bricks":8,"minecraft:purpur_slab":124,"minecraft:yellow_terracotta":3,"minecraft:cracked_deepslate_bricks":5,"minecraft:gold_ingot":7,"minecraft:totem_of_undying":8,"minecraft:tuff_bricks":49,"minecraft:glow_berries":370,"minecraft:white_wool":102,"minecraft:rail":3,"minecraft:heartbreak_pottery_sherd":2,"minecraft:mud_bricks":12,"minecraft:yellow_dye":2,"minecraft:red_glazed_terracotta":2,"minecraft:red_mushroom":6,"minecraft:filled_map":22,"minecraft:packed_mud":1,"minecraft:purpur_stairs":607,"minecraft:oak_log":60,"minecraft:ancient_debris":5,"minecraft:golden_boots":4,"minecraft:sculk_vein":7,"minecraft:white_banner":11,"minecraft:birch_pressure_plate":1,"minecraft:stone_bricks":18,"minecraft:kelp":21,"minecraft:spore_blossom":4,"minecraft:iron_ore":3,"minecraft:magenta_stained_glass":65,"minecraft:glass_bottle":17,"minecraft:smooth_basalt":10,"minecraft:sculk":6,"minecraft:waxed_exposed_copper_bulb":1,"minecraft:light_blue_glazed_terracotta":18,"minecraft:gravel":736,"minecraft:spruce_sapling":318,"minecraft:spruce_log":2306,"minecraft:crying_obsidian":4,"minecraft:polished_tuff":5,"minecraft:dragon_egg":1,"minecraft:leather_helmet":3,"minecraft:firework_rocket":2,"minecraft:diamond_shovel":1,"minecraft:coal_ore":28,"minecraft:slime_ball":103,"minecraft:gray_wool":70,"minecraft:baked_potato":54,"minecraft:hopper":12,"minecraft:ender_pearl":20527,"minecraft:shulker_shell":18,"minecraft:chiseled_deepslate":2,"minecraft:wheat":136,"minecraft:redstone_block":1,"minecraft:light_gray_shulker_box":3,"minecraft:turtle_egg":6,"minecraft:potion":14,"minecraft:waxed_cut_copper_slab":2,"minecraft:raw_copper":81,"minecraft:smooth_stone_slab":1,"minecraft:red_candle":4,"minecraft:zombie_head":1,"minecraft:pink_shulker_box":3,"minecraft:deepslate_tiles":14,"minecraft:black_shulker_box":71,"minecraft:white_tulip":1,"minecraft:waxed_oxidized_copper_door":1,"minecraft:rose_bush":1,"minecraft:redstone_torch":3,"minecraft:ender_eye":1,"minecraft:calcite":7,"minecraft:iron_pickaxe":2,"minecraft:blue_wool":34,"minecraft:tipped_arrow":113,"minecraft:stick":216,"minecraft:orange_shulker_box":34,"minecraft:torch":37,"minecraft:dried_kelp":2,"minecraft:diorite":15,"minecraft:quartz_block":16,"minecraft:cactus":7,"minecraft:rotten_flesh":2613,"minecraft:obsidian":142,"minecraft:cod":92,"minecraft:cobblestone":734,"minecraft:nautilus_shell":8,"minecraft:enchanting_table":1,"minecraft:pink_petals":3,"minecraft:lilac":101,"minecraft:repeater":45,"minecraft:raiser_armor_trim_smithing_template":3,"minecraft:andesite":34,"minecraft:golden_leggings":7,"minecraft:beacon":3,"minecraft:potato":247,"minecraft:tuff":135,"minecraft:danger_pottery_sherd":1,"minecraft:green_shulker_box":3,"minecraft:lapis_lazuli":243,"minecraft:stripped_birch_log":6,"minecraft:dirt":5168,"minecraft:name_tag":7,"minecraft:leather_boots":6,"minecraft:glass":65,"minecraft:bone":2742,"minecraft:bow":30,"minecraft:wheat_seeds":386,"minecraft:orange_tulip":2,"minecraft:green_candle":1,"minecraft:deepslate_brick_slab":1,"minecraft:raw_gold":105,"minecraft:bell":1,"minecraft:light_blue_dye":1,"minecraft:grindstone":1,"minecraft:purple_stained_glass_pane":2,"minecraft:mossy_stone_bricks":1,"minecraft:fletching_table":8,"minecraft:bamboo":44,"minecraft:scrape_pottery_sherd":2,"minecraft:oak_planks":4,"minecraft:ghast_tear":9,"minecraft:music_disc_13":2,"minecraft:pink_stained_glass_pane":1,"minecraft:poisonous_potato":1,"minecraft:sand":3867,"minecraft:melon":133,"minecraft:grass_block":1,"minecraft:spectral_arrow":5,"minecraft:shulker_box":86,"minecraft:light_gray_terracotta":4,"minecraft:sugar":16,"minecraft:clay":3,"minecraft:diamond":312,"minecraft:spruce_boat":2,"minecraft:soul_lantern":1,"minecraft:yellow_stained_glass_pane":1,"minecraft:waxed_oxidized_copper_grate":11,"minecraft:cracked_polished_blackstone_bricks":7,"minecraft:crossbow":16,"minecraft:breeze_rod":67,"minecraft:bone_meal":115,"minecraft:golden_apple":2,"minecraft:emerald":112,"minecraft:netherrack":777,"minecraft:end_stone_bricks":427,"minecraft:waxed_oxidized_cut_copper":2,"minecraft:azure_bluet":2,"minecraft:ladder":3,"minecraft:brown_mushroom":44,"minecraft:gold_block":3,"minecraft:brick":217,"minecraft:shield":2,"minecraft:iron_axe":1,"minecraft:item_frame":8,"minecraft:mycelium":1332,"minecraft:blackstone":68,"minecraft:lectern":1,"minecraft:sugar_cane":974,"minecraft:phantom_membrane":1,"minecraft:end_stone":28,"minecraft:orange_dye":2,"minecraft:raw_iron":4,"minecraft:music_disc_relic":7,"minecraft:copper_ingot":2,"minecraft:note_block":32,"minecraft:polished_blackstone_bricks":1,"minecraft:stone_button":13,"minecraft:trident":4,"minecraft:purple_candle":2,"minecraft:weeping_vines":9,"minecraft:arrow":2313,"minecraft:light_blue_stained_glass_pane":1,"minecraft:saddle":9,"minecraft:brick_stairs":4,"minecraft:cracked_deepslate_tiles":4,"minecraft:burn_pottery_sherd":1,"minecraft:golden_carrot":7,"minecraft:crimson_stem":102,"minecraft:magenta_banner":8,"minecraft:salmon":25,"minecraft:leather":102,"minecraft:birch_planks":1,"minecraft:waxed_copper_bulb":1,"minecraft:chainmail_chestplate":2,"minecraft:waxed_copper_block":16,"minecraft:nether_wart_block":208,"minecraft:gunpowder":70,"minecraft:wooden_hoe":2,"minecraft:heart_pottery_sherd":2,"minecraft:gray_carpet":2,"minecraft:heart_of_the_sea":1,"minecraft:iron_ingot":38,"minecraft:polished_tuff_slab":1,"minecraft:cooked_chicken":1,"minecraft:book":73,"minecraft:sculk_catalyst":6,"minecraft:scaffolding":81,"minecraft:emerald_block":4,"minecraft:pumpkin":160,"minecraft:heavy_core":1,"minecraft:stone_brick_slab":3,"minecraft:quartz":65,"minecraft:dandelion":4,"minecraft:amethyst_shard":2,"minecraft:soul_torch":3,"minecraft:spider_eye":331,"minecraft:brick_slab":11,"minecraft:pumpkin_seeds":104,"minecraft:sculk_sensor":4,"minecraft:cherry_sapling":22,"minecraft:chiseled_tuff_bricks":8,"minecraft:coal":84},"minecraft:used":{"minecraft:beetroot":2,"minecraft:tuff_bricks":21,"minecraft:chiseled_deepslate":1,"minecraft:chiseled_tuff":1,"minecraft:poppy":1,"minecraft:ladder":4,"minecraft:elytra":29,"minecraft:chest":16,"minecraft:stone":29,"minecraft:cracked_deepslate_tiles":1,"minecraft:snowball":48,"minecraft:spruce_boat":3,"minecraft:netherite_shovel":6669,"minecraft:red_wool":1,"minecraft:quartz_block":17,"minecraft:orange_shulker_box":34,"minecraft:netherite_hoe":608,"minecraft:waxed_exposed_copper_bulb":1,"minecraft:cherry_leaves":7,"minecraft:netherite_boots":2,"minecraft:bow":670,"minecraft:ominous_bottle":2,"minecraft:potato":63,"minecraft:end_stone_bricks":40,"minecraft:spruce_door":1,"minecraft:stripped_birch_log":4,"minecraft:blackstone":11,"minecraft:composter":1,"minecraft:purpur_pillar":240,"minecraft:oak_leaves":3,"minecraft:golden_apple":2,"minecraft:glow_berries":4,"minecraft:sand":3,"minecraft:netherite_helmet":3,"minecraft:lightning_rod":1,"minecraft:deepslate_tiles":4,"minecraft:enderman_spawn_egg":407,"minecraft:birch_slab":2,"minecraft:stone_button":14,"minecraft:spore_blossom":2,"minecraft:lectern":1,"minecraft:lilac":4,"minecraft:soul_lantern":1,"minecraft:chiseled_tuff_bricks":3,"minecraft:diamond_sword":1,"minecraft:dark_oak_fence":1,"minecraft:smithing_table":4,"minecraft:oak_trapdoor":6,"minecraft:iron_bars":13,"minecraft:enchanting_table":1,"minecraft:carved_pumpkin":3,"minecraft:netherrack":90,"minecraft:trial_key":2,"minecraft:light_gray_shulker_box":3,"minecraft:torch":368,"minecraft:brewing_stand":1,"minecraft:anvil":4,"minecraft:iron_block":200,"minecraft:iron_axe":30,"minecraft:glowstone":13,"minecraft:cobbled_deepslate":133,"minecraft:wheat_seeds":123,"minecraft:water_bucket":3,"minecraft:birch_planks":1,"minecraft:lead":1,"minecraft:waxed_oxidized_cut_copper":1,"minecraft:fletching_table":8,"minecraft:deepslate_bricks":1,"minecraft:rail":3,"minecraft:tnt":38,"minecraft:crafting_table":2,"minecraft:sculk_shrieker":1,"minecraft:white_bed":1,"minecraft:spruce_log":4,"minecraft:amethyst_cluster":1,"minecraft:ender_eye":47,"minecraft:ominous_trial_key":10,"minecraft:diamond_shovel":2662,"minecraft:wind_charge":98,"minecraft:suspicious_stew":1,"minecraft:purpur_slab":1189,"minecraft:spruce_sapling":112,"minecraft:cobblestone":7,"minecraft:potion":33,"minecraft:end_portal_frame":12,"minecraft:brush":46,"minecraft:dandelion":1,"minecraft:jukebox":6,"minecraft:cherry_sapling":3,"minecraft:iron_shovel":20,"minecraft:diamond_hoe":154,"minecraft:decorated_pot":7,"minecraft:shield":199,"minecraft:nether_wart":202,"minecraft:bell":3,"minecraft:player_head":25,"minecraft:sculk_sensor":1,"minecraft:waxed_oxidized_chiseled_copper":1,"minecraft:carrot":187,"minecraft:waxed_copper_grate":2,"minecraft:tuff":2,"minecraft:cyan_wool":39,"minecraft:obsidian":12,"minecraft:glass":78,"minecraft:waxed_oxidized_copper_grate":6,"minecraft:coal_ore":28,"minecraft:stone_bricks":7,"minecraft:item_frame":8,"minecraft:spruce_hanging_sign":1,"minecraft:deepslate_diamond_ore":10,"minecraft:repeater":65,"minecraft:scaffolding":135,"minecraft:beetroot_seeds":145,"minecraft:end_rod":13,"minecraft:wither_skeleton_skull":1,"minecraft:gray_carpet":1,"minecraft:ender_pearl":393,"minecraft:sandstone":1,"minecraft:diamond_axe":9,"minecraft:white_wool":892,"minecraft:loom":1,"minecraft:netherite_leggings":3,"minecraft:light_blue_wool":61,"minecraft:note_block":67,"minecraft:shears":295,"minecraft:end_stone":8,"minecraft:polished_tuff":2,"minecraft:redstone_torch":3,"minecraft:firework_rocket":1296,"minecraft:mace":104,"minecraft:dark_oak_log":1,"minecraft:string":1,"minecraft:iron_door":2,"minecraft:pufferfish_bucket":6,"minecraft:grindstone":2,"minecraft:medium_amethyst_bud":1,"minecraft:andesite":4,"minecraft:smooth_stone_slab":1,"minecraft:waxed_copper_bulb":1,"minecraft:bone_meal":535,"minecraft:experience_bottle":163,"minecraft:oak_fence":1,"minecraft:purpur_block":18,"minecraft:trident":98,"minecraft:netherite_sword":3855,"minecraft:flint_and_steel":4,"minecraft:redstone":56,"minecraft:end_stone_brick_wall":2,"minecraft:dirt":1027,"minecraft:spyglass":2,"minecraft:white_carpet":9,"minecraft:hopper":18,"minecraft:shulker_box":85,"minecraft:stone_brick_slab":6,"minecraft:bookshelf":88,"minecraft:oak_stairs":4,"minecraft:golden_carrot":739,"minecraft:emerald_block":2,"minecraft:minecart":3,"minecraft:netherite_pickaxe":9980,"minecraft:pumpkin":9,"minecraft:enchanted_golden_apple":2,"minecraft:glass_bottle":76,"minecraft:netherite_chestplate":20,"minecraft:blue_wool":34,"minecraft:black_shulker_box":71,"minecraft:white_dye":12,"minecraft:magenta_stained_glass":461,"minecraft:beacon":3,"minecraft:red_glazed_terracotta":2,"minecraft:waxed_copper_block":4,"minecraft:magenta_carpet":17,"minecraft:netherite_axe":2338,"minecraft:fishing_rod":201,"minecraft:green_shulker_box":3,"minecraft:end_crystal":12,"minecraft:white_banner":1,"minecraft:pink_shulker_box":2,"minecraft:bucket":6,"minecraft:gray_wool":66,"minecraft:sculk_catalyst":3,"minecraft:splash_potion":15,"minecraft:soul_torch":18},"minecraft:mined":{"minecraft:cherry_log":9,"minecraft:carved_pumpkin":26,"minecraft:obsidian":123,"minecraft:granite":43,"minecraft:chiseled_polished_blackstone":6,"minecraft:deepslate_bricks":8,"minecraft:deepslate_tile_stairs":1,"minecraft:purpur_slab":128,"minecraft:blue_wool":37,"minecraft:chiseled_tuff_bricks":9,"minecraft:hopper":12,"minecraft:nether_wart":202,"minecraft:spawner":3,"minecraft:polished_blackstone_bricks":2,"minecraft:weeping_vines_plant":2,"minecraft:tall_seagrass":15,"minecraft:cobbled_deepslate":52,"minecraft:fire":12,"minecraft:pumpkin":137,"minecraft:deepslate_lapis_ore":17,"minecraft:fletching_table":8,"minecraft:enchanting_table":1,"minecraft:sculk_shrieker":25,"minecraft:dirt_path":5,"minecraft:iron_block":180,"minecraft:tripwire":1,"minecraft:soul_wall_torch":2,"minecraft:magenta_carpet":9,"minecraft:brown_mushroom":38,"minecraft:kelp_plant":742,"minecraft:amethyst_cluster":2,"minecraft:torch":23,"minecraft:note_block":32,"minecraft:melon":136,"minecraft:dead_bush":3,"minecraft:glass":79,"minecraft:sugar_cane":812,"minecraft:bricks":3,"minecraft:amethyst_block":27,"minecraft:white_terracotta":22,"minecraft:cyan_wool":40,"minecraft:waxed_copper_bulb":1,"minecraft:repeater":45,"minecraft:wheat":121,"minecraft:lilac":4,"minecraft:jukebox":7,"minecraft:waxed_copper_block":15,"minecraft:smooth_basalt":8,"minecraft:deepslate":2429,"minecraft:suspicious_gravel":8,"minecraft:yellow_terracotta":3,"minecraft:deepslate_tiles":14,"minecraft:pink_shulker_box":3,"minecraft:light_blue_wool":63,"minecraft:cherry_sapling":1,"minecraft:stripped_birch_log":6,"minecraft:dark_oak_log":1,"minecraft:end_stone":57,"minecraft:shulker_box":86,"minecraft:waxed_oxidized_chiseled_copper":2,"minecraft:dark_oak_fence":3,"minecraft:orange_shulker_box":34,"minecraft:redstone_wire":24,"minecraft:red_mushroom":5,"minecraft:kelp":59,"minecraft:waxed_oxidized_cut_copper":2,"minecraft:packed_mud":1,"minecraft:waxed_copper_grate":26,"minecraft:snow":2,"minecraft:andesite":32,"minecraft:chiseled_tuff":2,"minecraft:potatoes":63,"minecraft:rail":3,"minecraft:bamboo":9,"minecraft:white_wool":112,"minecraft:ender_chest":1,"minecraft:smithing_table":3,"minecraft:glass_pane":1,"minecraft:stone_brick_slab":12,"minecraft:dandelion":2,"minecraft:short_grass":56,"minecraft:emerald_ore":1,"minecraft:warped_roots":1,"minecraft:purpur_pillar":575,"minecraft:tall_grass":17,"minecraft:copper_ore":7,"minecraft:deepslate_gold_ore":39,"minecraft:cracked_deepslate_bricks":5,"minecraft:diorite":12,"minecraft:red_terracotta":1,"minecraft:coarse_dirt":48,"minecraft:white_carpet":1,"minecraft:spruce_log":1421,"minecraft:mycelium":1317,"minecraft:gravel":1012,"minecraft:cobweb":70,"minecraft:stone_bricks":20,"minecraft:gold_ore":4,"minecraft:black_shulker_box":71,"minecraft:waxed_cut_copper_slab":1,"minecraft:large_amethyst_bud":3,"minecraft:sculk_vein":27,"minecraft:cave_vines_plant":1,"minecraft:budding_amethyst":2,"minecraft:grass_block":1125,"minecraft:cracked_polished_blackstone_bricks":8,"minecraft:mud_bricks":12,"minecraft:composter":1,"minecraft:tuff_bricks":61,"minecraft:glowstone":72,"minecraft:sculk_catalyst":5,"minecraft:iron_ore":5,"minecraft:turtle_egg":6,"minecraft:polished_tuff":4,"minecraft:azure_bluet":1,"minecraft:red_tulip":1,"minecraft:iron_bars":13,"minecraft:polished_tuff_slab":2,"minecraft:end_stone_bricks":438,"minecraft:spruce_slab":1,"minecraft:waxed_cut_copper":1,"minecraft:deepslate_redstone_ore":94,"minecraft:quartz_block":16,"minecraft:cyan_terracotta":1,"minecraft:blackstone":36,"minecraft:medium_amethyst_bud":1,"minecraft:purpur_stairs":643,"minecraft:light_gray_terracotta":4,"minecraft:calcite":7,"minecraft:poppy":1,"minecraft:beacon":3,"minecraft:chest":12,"minecraft:mushroom_stem":4,"minecraft:nether_quartz_ore":23,"minecraft:cobblestone":4,"minecraft:grindstone":1,"minecraft:oak_planks":4,"minecraft:iron_door":2,"minecraft:wall_torch":13,"minecraft:seagrass":2,"minecraft:red_candle":1,"minecraft:blue_terracotta":85,"minecraft:waxed_oxidized_cut_copper_stairs":1,"minecraft:orange_tulip":2,"minecraft:tnt":2,"minecraft:purpur_block":1631,"minecraft:smooth_stone_slab":1,"minecraft:cracked_deepslate_tiles":4,"minecraft:oak_log":38,"minecraft:beetroots":141,"minecraft:waxed_oxidized_copper":3,"minecraft:waxed_oxidized_copper_door":1,"minecraft:sand":3055,"minecraft:dirt":2839,"minecraft:ancient_debris":5,"minecraft:netherrack":364,"minecraft:oak_leaves":2,"minecraft:tuff":124,"minecraft:deepslate_diamond_ore":154,"minecraft:stone_button":1,"minecraft:decorated_pot":56,"minecraft:brick_stairs":4,"minecraft:light_blue_glazed_terracotta":18,"minecraft:brown_mushroom_block":3,"minecraft:spruce_leaves":592,"minecraft:sandstone":1,"minecraft:crimson_stem":31,"minecraft:large_fern":16,"minecraft:spore_blossom":4,"minecraft:deepslate_brick_slab":1,"minecraft:carrots":183,"minecraft:light_gray_shulker_box":3,"minecraft:stripped_spruce_log":3,"minecraft:chiseled_deepslate":4,"minecraft:gold_block":3,"minecraft:bell":1,"minecraft:bookshelf":304,"minecraft:deepslate_iron_ore":1,"minecraft:packed_ice":1,"minecraft:white_tulip":2,"minecraft:stone":1590,"minecraft:podzol":19,"minecraft:waxed_exposed_copper_bulb":1,"minecraft:acacia_leaves":2,"minecraft:scaffolding":11,"minecraft:magenta_stained_glass":163,"minecraft:snow_block":18,"minecraft:crafting_table":2,"minecraft:rose_bush":1,"minecraft:sculk_sensor":7,"minecraft:lectern":1,"minecraft:red_glazed_terracotta":2,"minecraft:sculk":181,"minecraft:gray_wool":71,"minecraft:birch_planks":1,"minecraft:cactus":2,"minecraft:brick_slab":11,"minecraft:green_shulker_box":3,"minecraft:waxed_oxidized_copper_grate":10,"minecraft:redstone_torch":3,"minecraft:white_wall_banner":5,"minecraft:coal_ore":58,"minecraft:cherry_leaves":60,"minecraft:end_rod":68,"minecraft:flower_pot":4,"minecraft:gray_carpet":2,"minecraft:cracked_stone_bricks":2,"minecraft:mossy_stone_bricks":2},"minecraft:killed":{"minecraft:cave_spider":72,"minecraft:cod":3,"minecraft:shulker":29,"minecraft:skeleton":124,"minecraft:ender_dragon":3,"minecraft:pillager":89,"minecraft:zombie":237,"minecraft:evoker":7,"minecraft:vindicator":29,"minecraft:endermite":7,"minecraft:warden":6,"minecraft:husk":2,"minecraft:wandering_trader":1,"minecraft:ravager":5,"minecraft:breeze":17,"minecraft:enderman":22067,"minecraft:witch":21,"minecraft:spider":111,"minecraft:silverfish":38,"minecraft:piglin_brute":6,"minecraft:piglin":7,"minecraft:pig":2,"minecraft:zombie_villager":5,"minecraft:creeper":44,"minecraft:sheep":2,"minecraft:trader_llama":5,"minecraft:ghast":8,"minecraft:mooshroom":37,"minecraft:stray":57,"minecraft:bogged":27,"minecraft:slime":38,"minecraft:drowned":33,"minecraft:squid":14},"minecraft:crafted":{"minecraft:black_dye":40,"minecraft:melon":15,"minecraft:blaze_powder":26,"minecraft:wolf_armor":2,"minecraft:loom":1,"minecraft:bookshelf":6,"minecraft:shulker_box":11,"minecraft:iron_bars":16,"minecraft:quartz_block":1,"minecraft:glass":528,"minecraft:diamond_helmet":3,"minecraft:repeater":27,"minecraft:netherite_boots":2,"minecraft:black_wool":9,"minecraft:magenta_dye":72,"minecraft:name_tag":1,"minecraft:glass_bottle":75,"minecraft:deepslate":24,"minecraft:emerald":1276,"minecraft:spruce_door":3,"minecraft:copper_ingot":9,"minecraft:purple_banner":1,"minecraft:hay_block":13,"minecraft:stone_slab":252,"minecraft:iron_block":897,"minecraft:gold_ingot":2,"minecraft:light_gray_dye":2,"minecraft:nautilus_shell":3,"minecraft:golden_carrot":780,"minecraft:magenta_wool":20,"minecraft:orange_shulker_box":1,"minecraft:spyglass":1,"minecraft:wind_charge":68,"minecraft:pufferfish_bucket":1,"minecraft:bone_meal":666,"minecraft:pink_dye":2,"minecraft:vine":12,"minecraft:white_carpet":12,"minecraft:diamond":9,"minecraft:light_gray_shulker_box":2,"minecraft:diamond_boots":1,"minecraft:redstone_block":71,"minecraft:lead":8,"minecraft:coal_block":8,"minecraft:purpur_slab":1491,"minecraft:magenta_stained_glass":416,"minecraft:enchanted_book":7,"minecraft:orange_dye":2,"minecraft:flint":130,"minecraft:oak_stairs":8,"minecraft:music_disc_5":1,"minecraft:note_block":35,"minecraft:grindstone":1,"minecraft:oak_planks":128,"minecraft:pink_shulker_box":1,"minecraft:lightning_rod":1,"minecraft:suspicious_stew":1,"minecraft:green_dye":2,"minecraft:hopper":6,"minecraft:comparator":5,"minecraft:chest":19,"minecraft:netherite_helmet":3,"minecraft:rail":16,"minecraft:ender_eye":21,"minecraft:white_banner":6,"minecraft:spruce_planks":2656,"minecraft:brush":9,"minecraft:silence_armor_trim_smithing_template":12,"minecraft:red_wool":1,"minecraft:brewing_stand":1,"minecraft:black_shulker_box":1,"minecraft:creeper_banner_pattern":1,"minecraft:tnt":1054,"minecraft:paper":318,"minecraft:diamond_pickaxe":3,"minecraft:emerald_block":89,"minecraft:yellow_dye":1,"minecraft:shield":1,"minecraft:stick":4748,"minecraft:iron_ingot":165,"minecraft:green_shulker_box":2,"minecraft:redstone_torch":69,"minecraft:shears":2,"minecraft:small_dripleaf":10,"minecraft:cherry_planks":16,"minecraft:redstone":198,"minecraft:fishing_rod":5,"minecraft:stone_button":1,"minecraft:diamond_block":31,"minecraft:oak_trapdoor":12,"minecraft:netherite_chestplate":2,"minecraft:netherite_leggings":2,"minecraft:minecart":1,"minecraft:sugar":6,"minecraft:red_dye":3,"minecraft:bone_block":28,"minecraft:bell":2,"minecraft:black_banner":1,"minecraft:air":0,"minecraft:jungle_planks":8,"minecraft:white_wool":550,"minecraft:white_dye":15,"minecraft:anvil":3,"minecraft:torch":292,"minecraft:magenta_carpet":30,"minecraft:end_crystal":8,"minecraft:lapis_lazuli":405,"minecraft:lapis_block":24,"minecraft:firework_rocket":1334},"minecraft:dropped":{"minecraft:clay":3,"minecraft:ominous_bottle":4,"minecraft:lapis_lazuli":35,"minecraft:cooked_beef":9,"minecraft:glass_bottle":59,"minecraft:diamond":2,"minecraft:crossbow":16,"minecraft:glow_berries":324,"minecraft:cracked_stone_bricks":2,"minecraft:saddle":15,"minecraft:elytra":1,"minecraft:dragon_breath":11,"minecraft:leather_helmet":7,"minecraft:red_mushroom":6,"minecraft:emerald":14,"minecraft:dirt":2716,"minecraft:packed_mud":1,"minecraft:melon":1,"minecraft:dark_oak_fence":2,"minecraft:yellow_dye":2,"minecraft:scrape_pottery_sherd":2,"minecraft:cracked_deepslate_tiles":3,"minecraft:cherry_leaves":6,"minecraft:bone_meal":117,"minecraft:sand":64,"minecraft:sugar":19,"minecraft:iron_pickaxe":1,"minecraft:fermented_spider_eye":1,"minecraft:fishing_rod":2,"minecraft:white_wool":2,"minecraft:bone":9818,"minecraft:green_candle":1,"minecraft:waxed_cut_copper_slab":1,"minecraft:sugar_cane":5,"minecraft:cooked_chicken":5,"minecraft:golden_chestplate":11,"minecraft:cobbled_deepslate":2245,"minecraft:wheat":1,"minecraft:obsidian":108,"minecraft:deepslate_brick_slab":1,"minecraft:rotten_flesh":10059,"minecraft:oak_planks":2,"minecraft:glowstone_dust":40,"minecraft:azure_bluet":1,"minecraft:waxed_copper_block":12,"minecraft:salmon":3,"minecraft:wind_charge":12,"minecraft:echo_shard":3,"minecraft:chiseled_deepslate":1,"minecraft:yellow_stained_glass_pane":1,"minecraft:tipped_arrow":80,"minecraft:deepslate_tiles":8,"minecraft:red_candle":4,"minecraft:brick_stairs":4,"minecraft:leather_boots":11,"minecraft:leather_leggings":7,"minecraft:white_dye":4,"minecraft:brown_candle":2,"minecraft:spruce_slab":1,"minecraft:chiseled_tuff":1,"minecraft:end_stone_bricks":277,"minecraft:glass":2,"minecraft:purple_stained_glass_pane":2,"minecraft:enchanted_book":4,"minecraft:iron_ingot":29,"minecraft:golden_boots":9,"minecraft:wheat_seeds":220,"minecraft:feather":1,"minecraft:yellow_terracotta":3,"minecraft:purpur_slab":1,"minecraft:cobblestone":815,"minecraft:waxed_copper_grate":36,"minecraft:granite":28,"minecraft:coal":24,"minecraft:disc_fragment_5":2,"minecraft:chainmail_helmet":3,"minecraft:end_rod":1,"minecraft:turtle_egg":3,"minecraft:gray_wool":4,"minecraft:sculk":15,"minecraft:golden_carrot":10,"minecraft:wooden_hoe":2,"minecraft:diamond_helmet":1,"minecraft:potion":4,"minecraft:dried_kelp":2,"minecraft:armadillo_scute":2,"minecraft:white_banner":20,"minecraft:iron_shovel":1,"minecraft:string":2118,"minecraft:gray_carpet":2,"minecraft:spruce_sapling":54,"minecraft:pink_stained_glass_pane":1,"minecraft:stone_brick_slab":3,"minecraft:purpur_pillar":64,"minecraft:bricks":3,"minecraft:player_head":8,"minecraft:soul_torch":3,"minecraft:polished_tuff_slab":1,"minecraft:bowl":1,"minecraft:deepslate":26,"minecraft:diamond_hoe":6,"minecraft:white_carpet":4,"minecraft:name_tag":1,"minecraft:white_terracotta":26,"minecraft:end_stone_brick_wall":1,"minecraft:shears":1,"minecraft:pumpkin_seeds":104,"minecraft:diamond_sword":2,"minecraft:light_blue_dye":1,"minecraft:potato":8,"minecraft:stone":192,"minecraft:flower_pot":2,"minecraft:waxed_cut_copper":2,"minecraft:pink_shulker_box":1,"minecraft:carved_pumpkin":18,"minecraft:spider_eye":361,"minecraft:bow":41,"minecraft:purple_candle":2,"minecraft:brick_slab":11,"minecraft:guster_pottery_sherd":8,"minecraft:brown_mushroom":44,"minecraft:orange_dye":2,"minecraft:large_amethyst_bud":6,"minecraft:baked_potato":58,"minecraft:ender_pearl":60908,"minecraft:decorated_pot":4,"minecraft:lantern":2,"minecraft:leather":3,"minecraft:cod":20,"minecraft:flint":181,"minecraft:spruce_leaves":32,"minecraft:deepslate_tile_stairs":1,"minecraft:cyan_terracotta":1,"minecraft:waxed_oxidized_chiseled_copper":1,"minecraft:seagrass":8,"minecraft:cooked_cod":1,"minecraft:snowball":58,"minecraft:amethyst_shard":4,"minecraft:polished_blackstone_bricks":1,"minecraft:gold_ingot":6,"minecraft:gravel":744,"minecraft:purpur_block":191,"minecraft:blackstone":38,"minecraft:chiseled_tuff_bricks":5,"minecraft:cherry_sapling":1,"minecraft:mycelium":14,"minecraft:carrot":1,"minecraft:chainmail_chestplate":3,"minecraft:poppy":2631,"minecraft:leather_chestplate":3,"minecraft:trident":2,"minecraft:gunpowder":142,"minecraft:beetroot_seeds":152,"minecraft:chest":2,"minecraft:arrow":8955,"minecraft:iron_bars":1,"minecraft:quartz":1,"minecraft:netherrack":691,"minecraft:firework_rocket":1,"minecraft:bread":3,"minecraft:waxed_oxidized_copper_door":1,"minecraft:golden_helmet":10,"minecraft:diamond_leggings":1,"minecraft:poisonous_potato":1,"minecraft:golden_axe":1,"minecraft:lead":5,"minecraft:sculk_vein":7,"minecraft:spectral_arrow":5,"minecraft:polished_tuff":3,"minecraft:amethyst_block":12,"minecraft:copper_ingot":1,"minecraft:tropical_fish":1,"minecraft:ominous_trial_key":5,"minecraft:enderman_spawn_egg":1,"minecraft:stick":35,"minecraft:diorite":15,"minecraft:sculk_catalyst":2,"minecraft:light_blue_wool":2,"minecraft:brown_wool":1,"minecraft:waxed_oxidized_copper":1,"minecraft:iron_axe":1,"minecraft:flow_banner_pattern":2,"minecraft:light_blue_stained_glass_pane":1,"minecraft:smooth_basalt":5,"minecraft:redstone":183,"minecraft:kelp":21,"minecraft:tuff_bricks":28,"minecraft:blue_terracotta":84,"minecraft:flow_pottery_sherd":2,"minecraft:coarse_dirt":54,"minecraft:raw_copper":66,"minecraft:light_gray_terracotta":4,"minecraft:tuff":104,"minecraft:raw_iron":1,"minecraft:birch_pressure_plate":2,"minecraft:ender_eye":4,"minecraft:red_terracotta":1,"minecraft:deepslate_bricks":7,"minecraft:filled_map":28,"minecraft:mud_bricks":12,"minecraft:shield":1,"minecraft:trial_key":2,"minecraft:andesite":23,"minecraft:golden_leggings":16,"minecraft:waxed_oxidized_cut_copper":1,"minecraft:slime_ball":103,"minecraft:calcite":4,"minecraft:raw_gold":3,"minecraft:nautilus_shell":8,"minecraft:cracked_deepslate_bricks":5,"minecraft:waxed_oxidized_copper_grate":5,"minecraft:brick":217},"minecraft:broken":{"minecraft:netherite_helmet":1,"minecraft:brush":7,"minecraft:leather_boots":1},"minecraft:killed_by":{"minecraft:piglin_brute":1,"minecraft:pufferfish":1,"minecraft:warden":10,"minecraft:creeper":2,"minecraft:endermite":2,"minecraft:player":1,"minecraft:enderman":4,"minecraft:skeleton":1},"minecraft:custom":{"minecraft:interact_with_crafting_table":210,"minecraft:open_barrel":189,"minecraft:bell_ring":128,"minecraft:leave_game":143,"minecraft:time_since_death":16337,"minecraft:damage_blocked_by_shield":4280,"minecraft:play_time":3560532,"minecraft:deaths":41,"minecraft:jump":34000,"minecraft:enchant_item":172,"minecraft:interact_with_furnace":59,"minecraft:play_record":20,"minecraft:traded_with_villager":1003,"minecraft:interact_with_cartography_table":5,"minecraft:sleep_in_bed":82,"minecraft:damage_dealt":151604,"minecraft:interact_with_smoker":2,"minecraft:inspect_dispenser":2,"minecraft:horse_one_cm":3528,"minecraft:interact_with_smithing_table":12,"minecraft:interact_with_anvil":31,"minecraft:inspect_hopper":45,"minecraft:target_hit":2,"minecraft:sneak_time":269481,"minecraft:interact_with_lectern":1,"minecraft:interact_with_blast_furnace":4,"minecraft:total_world_time":3560532,"minecraft:tune_noteblock":654,"minecraft:time_since_rest":16011,"minecraft:swim_one_cm":537980,"minecraft:fly_one_cm":6417682,"minecraft:open_chest":2383,"minecraft:fish_caught":120,"minecraft:fall_one_cm":1176523,"minecraft:open_shulker_box":482,"minecraft:damage_resisted":1482145,"minecraft:sprint_one_cm":5448298,"minecraft:drop":5833,"minecraft:play_noteblock":35,"minecraft:talked_to_villager":218,"minecraft:interact_with_brewingstand":115,"minecraft:walk_on_water_one_cm":144164,"minecraft:interact_with_loom":5,"minecraft:open_enderchest":109,"minecraft:interact_with_beacon":25,"minecraft:player_kills":3,"minecraft:crouch_one_cm":1641113,"minecraft:mob_kills":23513,"minecraft:climb_one_cm":224110,"minecraft:walk_one_cm":5084106,"minecraft:raid_win":1,"minecraft:walk_under_water_one_cm":976017,"minecraft:boat_one_cm":8221,"minecraft:raid_trigger":1,"minecraft:pot_flower":1,"minecraft:interact_with_grindstone":48,"minecraft:damage_taken":126182,"minecraft:damage_absorbed":400,"minecraft:aviate_one_cm":39800620}},"DataVersion":3953}