{"stats":{"minecraft:picked_up":{"minecraft:redstone_block":4,"minecraft:light_gray_shulker_box":4,"minecraft:anvil":2,"minecraft:smithing_table":1,"minecraft:magenta_carpet":150,"minecraft:stone_slab":2,"minecraft:enchanted_book":18,"minecraft:soul_soil":46,"minecraft:polished_blackstone_brick_stairs":94,"minecraft:string":263,"minecraft:raw_copper":17,"minecraft:smooth_stone_slab":11,"minecraft:pufferfish":1,"minecraft:pink_shulker_box":18,"minecraft:black_shulker_box":12,"minecraft:cobbled_deepslate":352,"minecraft:redstone_torch":6,"minecraft:netherite_upgrade_smithing_template":1,"minecraft:enchanted_golden_apple":3,"minecraft:golden_helmet":1,"minecraft:polished_blackstone_brick_slab":21,"minecraft:stick":17,"minecraft:torch":181,"minecraft:purpur_pillar":110,"minecraft:diorite":5,"minecraft:warped_planks":8,"minecraft:gray_shulker_box":6,"minecraft:golden_chestplate":1,"minecraft:cauldron":4,"minecraft:black_dye":3,"minecraft:rotten_flesh":1750,"minecraft:polished_basalt":44,"minecraft:iron_block":66,"minecraft:end_rod":13,"minecraft:bookshelf":39,"minecraft:obsidian":1542,"minecraft:cobblestone":783,"minecraft:enchanting_table":4,"minecraft:polished_diorite_slab":2,"minecraft:lilac":758,"minecraft:repeater":6,"minecraft:andesite":57,"minecraft:golden_leggings":1,"minecraft:beacon":1,"minecraft:potato":5,"minecraft:flint":17,"minecraft:tuff":78,"minecraft:warped_trapdoor":1,"minecraft:green_shulker_box":2,"minecraft:dirt":116,"minecraft:stripped_birch_log":4,"minecraft:lantern":1,"minecraft:leather_boots":1,"minecraft:glass":2,"minecraft:bone":508,"minecraft:bow":5,"minecraft:wheat_seeds":3,"minecraft:grindstone":2,"minecraft:oak_planks":5,"minecraft:sand":2,"minecraft:light_blue_shulker_box":1,"minecraft:ink_sac":6,"minecraft:fermented_spider_eye":1,"minecraft:grass_block":1,"minecraft:dark_oak_log":320,"minecraft:barrel":2,"minecraft:shulker_box":48,"minecraft:dispenser":1,"minecraft:diamond":43,"minecraft:soul_lantern":42,"minecraft:cracked_polished_blackstone_bricks":16,"minecraft:granite":32,"minecraft:bone_meal":816,"minecraft:golden_apple":1,"minecraft:spruce_sign":6,"minecraft:netherrack":1,"minecraft:diamond_pickaxe":4,"minecraft:end_stone_bricks":310,"minecraft:lingering_potion":3,"minecraft:crafting_table":4,"minecraft:splash_potion":2,"minecraft:leather_leggings":1,"minecraft:purpur_block":212,"minecraft:dragon_breath":11,"minecraft:stone_stairs":2,"minecraft:elytra":3,"minecraft:end_stone_brick_wall":38,"minecraft:iron_axe":1,"minecraft:item_frame":2,"minecraft:white_carpet":2,"minecraft:glass_pane":4,"minecraft:netherite_sword":3,"minecraft:stripped_warped_stem":2,"minecraft:iron_nugget":3,"minecraft:poppy":64,"minecraft:lectern":282,"minecraft:blue_shulker_box":1,"minecraft:sugar_cane":312,"minecraft:chest":52,"minecraft:spruce_trapdoor":8,"minecraft:dark_oak_sapling":19,"minecraft:sandstone":7,"minecraft:end_stone":460,"minecraft:stone":71,"minecraft:polished_blackstone_bricks":2,"minecraft:stone_button":4,"minecraft:magenta_shulker_box":54,"minecraft:carrot":1,"minecraft:redstone":26,"minecraft:netherite_pickaxe":2,"minecraft:stone_pressure_plate":1,"minecraft:arrow":586,"minecraft:red_shulker_box":3,"minecraft:purpur_slab":245,"minecraft:warped_sign":3,"minecraft:white_wool":70,"minecraft:yellow_shulker_box":1,"minecraft:basalt":33,"minecraft:birch_planks":10,"minecraft:gunpowder":349,"minecraft:paper":4,"minecraft:cooked_mutton":6,"minecraft:apple":2,"minecraft:stone_bricks":23,"minecraft:warped_stem":84,"minecraft:iron_ingot":23,"minecraft:glass_bottle":4,"minecraft:dark_oak_stairs":6,"minecraft:book":99,"minecraft:dark_oak_slab":5,"minecraft:smooth_basalt":20,"minecraft:stone_brick_slab":36,"minecraft:quartz":60,"minecraft:gravel":50,"minecraft:white_bed":5,"minecraft:spider_eye":12,"minecraft:mossy_stone_brick_slab":2,"minecraft:spruce_door":1,"minecraft:leather_helmet":1,"minecraft:firework_rocket":2,"minecraft:diamond_shovel":1,"minecraft:polished_diorite":29,"minecraft:short_grass":2,"minecraft:chainmail_leggings":1,"minecraft:gray_wool":4,"minecraft:polished_blackstone_brick_wall":44,"minecraft:warped_roots":2,"minecraft:stripped_dark_oak_log":6,"minecraft:hopper":22,"minecraft:ender_pearl":2905},"minecraft:used":{"minecraft:dispenser":2,"minecraft:spruce_slab":1,"minecraft:elytra":69,"minecraft:polished_basalt":77,"minecraft:chest":87,"minecraft:stone":45,"minecraft:warped_sign":11,"minecraft:mossy_stone_brick_slab":5,"minecraft:player_head":119,"minecraft:soul_sand":2,"minecraft:tuff":24,"minecraft:obsidian":277,"minecraft:glass":35,"minecraft:netherite_shovel":112,"minecraft:polished_blackstone_brick_wall":78,"minecraft:dark_oak_slab":44,"minecraft:stone_bricks":47,"minecraft:item_frame":2,"minecraft:netherite_boots":2,"minecraft:repeater":8,"minecraft:bow":55,"minecraft:blue_shulker_box":1,"minecraft:dragon_head":1,"minecraft:magenta_shulker_box":53,"minecraft:dark_oak_sapling":17,"minecraft:dark_oak_stairs":6,"minecraft:diorite":2,"minecraft:end_rod":10,"minecraft:end_stone_bricks":136,"minecraft:spruce_door":1,"minecraft:stripped_birch_log":4,"minecraft:oak_planks":5,"minecraft:polished_diorite_slab":12,"minecraft:ender_pearl":31,"minecraft:redstone_block":4,"minecraft:diamond_axe":146,"minecraft:sugar_cane":25,"minecraft:purpur_pillar":298,"minecraft:netherite_leggings":3,"minecraft:netherite_helmet":4,"minecraft:lingering_potion":10,"minecraft:end_stone":287,"minecraft:redstone_torch":6,"minecraft:firework_rocket":793,"minecraft:dark_oak_log":48,"minecraft:gray_shulker_box":7,"minecraft:stone_button":5,"minecraft:lectern":298,"minecraft:gravel":11,"minecraft:lilac":4,"minecraft:soul_lantern":72,"minecraft:diamond_sword":516,"minecraft:pufferfish_bucket":1,"minecraft:grindstone":2,"minecraft:smithing_table":1,"minecraft:smooth_stone_slab":93,"minecraft:bone_meal":320,"minecraft:purpur_block":75,"minecraft:netherite_sword":876,"minecraft:polished_blackstone_brick_slab":27,"minecraft:enchanting_table":4,"minecraft:flint_and_steel":2,"minecraft:redstone":33,"minecraft:ender_chest":1,"minecraft:light_gray_shulker_box":4,"minecraft:torch":165,"minecraft:end_stone_brick_wall":264,"minecraft:dirt":83,"minecraft:anvil":7,"minecraft:white_carpet":5,"minecraft:hopper":38,"minecraft:stone_stairs":1,"minecraft:shulker_box":46,"minecraft:polished_diorite":139,"minecraft:red_shulker_box":3,"minecraft:stone_brick_slab":62,"minecraft:bookshelf":93,"minecraft:iron_block":234,"minecraft:iron_axe":1,"minecraft:polished_blackstone_brick_stairs":160,"minecraft:totem_of_undying":2,"minecraft:barrel":2,"minecraft:diamond_chestplate":9,"minecraft:basalt":16,"minecraft:golden_carrot":122,"minecraft:emerald_block":1,"minecraft:black_dye":12,"minecraft:netherite_pickaxe":3858,"minecraft:cobbled_deepslate":40,"minecraft:water_bucket":9,"minecraft:light_blue_shulker_box":1,"minecraft:yellow_shulker_box":1,"minecraft:birch_planks":8,"minecraft:glass_bottle":3,"minecraft:netherite_chestplate":49,"minecraft:black_shulker_box":12,"minecraft:spruce_sign":19,"minecraft:cauldron":4,"minecraft:beacon":1,"minecraft:polished_blackstone_bricks":3,"minecraft:stripped_dark_oak_log":4,"minecraft:crafting_table":5,"minecraft:white_bed":4,"minecraft:magenta_carpet":1393,"minecraft:warped_planks":8,"minecraft:diamond_pickaxe":687,"minecraft:warped_trapdoor":19,"minecraft:diamond_shovel":39,"minecraft:cracked_polished_blackstone_bricks":24,"minecraft:netherite_axe":767,"minecraft:stone_slab":2,"minecraft:purpur_slab":767,"minecraft:spruce_trapdoor":7,"minecraft:green_shulker_box":2,"minecraft:cobblestone":79,"minecraft:pink_shulker_box":19,"minecraft:bucket":10,"minecraft:glass_pane":4,"minecraft:splash_potion":7},"minecraft:custom":{"minecraft:animals_bred":1,"minecraft:interact_with_crafting_table":154,"minecraft:open_barrel":132,"minecraft:open_shulker_box":387,"minecraft:eat_cake_slice":2,"minecraft:leave_game":80,"minecraft:time_since_death":9081,"minecraft:damage_resisted":4969,"minecraft:sprint_one_cm":1727474,"minecraft:drop":203,"minecraft:talked_to_villager":368,"minecraft:play_time":1573660,"minecraft:deaths":27,"minecraft:jump":7186,"minecraft:interact_with_brewingstand":22,"minecraft:walk_on_water_one_cm":72636,"minecraft:enchant_item":2,"minecraft:interact_with_furnace":24,"minecraft:traded_with_villager":62,"minecraft:sleep_in_bed":18,"minecraft:open_enderchest":161,"minecraft:damage_dealt":37786,"minecraft:interact_with_beacon":14,"minecraft:crouch_one_cm":140755,"minecraft:inspect_dispenser":10,"minecraft:horse_one_cm":1792,"minecraft:interact_with_smithing_table":5,"minecraft:mob_kills":5443,"minecraft:interact_with_anvil":85,"minecraft:inspect_hopper":37,"minecraft:climb_one_cm":21360,"minecraft:walk_one_cm":2852910,"minecraft:sneak_time":54643,"minecraft:walk_under_water_one_cm":152833,"minecraft:interact_with_blast_furnace":12,"minecraft:total_world_time":1573660,"minecraft:interact_with_grindstone":3,"minecraft:time_since_rest":1341,"minecraft:damage_taken":20715,"minecraft:swim_one_cm":46825,"minecraft:fly_one_cm":1562006,"minecraft:open_chest":1368,"minecraft:aviate_one_cm":14689846,"minecraft:fall_one_cm":223552},"minecraft:killed_by":{"minecraft:pufferfish":3,"minecraft:drowned":1,"minecraft:zombie":1,"minecraft:player":3,"minecraft:enderman":8,"minecraft:ender_dragon":1},"minecraft:dropped":{"minecraft:ender_pearl":613,"minecraft:netherite_upgrade_smithing_template":1,"minecraft:lantern":2,"minecraft:elytra":1,"minecraft:flint":4,"minecraft:dirt":15,"minecraft:polished_blackstone_brick_stairs":2,"minecraft:bone":11,"minecraft:sugar_cane":1,"minecraft:golden_chestplate":1,"minecraft:cobbled_deepslate":299,"minecraft:netherite_sword":3,"minecraft:soul_lantern":1,"minecraft:rotten_flesh":17,"minecraft:end_stone":126,"minecraft:cooked_mutton":6,"minecraft:carrot":1,"minecraft:poppy":1152,"minecraft:lingering_potion":3,"minecraft:basalt":10,"minecraft:arrow":2,"minecraft:quartz":60,"minecraft:firework_rocket":2,"minecraft:enchanted_book":1,"minecraft:iron_ingot":21,"minecraft:netherite_pickaxe":2,"minecraft:magenta_carpet":1,"minecraft:wheat_seeds":2,"minecraft:lilac":55,"minecraft:cobblestone":100,"minecraft:book":60,"minecraft:granite":32,"minecraft:copper_ingot":1,"minecraft:stick":5,"minecraft:diorite":1,"minecraft:torch":5,"minecraft:iron_axe":2,"minecraft:string":8,"minecraft:redstone_block":1,"minecraft:smooth_basalt":20,"minecraft:redstone":12,"minecraft:soul_soil":46,"minecraft:player_head":13,"minecraft:tuff":44,"minecraft:diamond_pickaxe":2,"minecraft:andesite":56,"minecraft:spider_eye":2,"minecraft:bow":3},"minecraft:crafted":{"minecraft:ender_chest":1,"minecraft:black_dye":6,"minecraft:smooth_stone":66,"minecraft:end_stone_brick_wall":402,"minecraft:blaze_powder":12,"minecraft:dark_oak_wood":78,"minecraft:pink_shulker_box":1,"minecraft:stone":97,"minecraft:bookshelf":31,"minecraft:wayfinder_armor_trim_smithing_template":4,"minecraft:shulker_box":2,"minecraft:warped_planks":272,"minecraft:magenta_shulker_box":2,"minecraft:glass":1,"minecraft:hopper":15,"minecraft:stone_brick_slab":24,"minecraft:bow":1,"minecraft:purpur_pillar":184,"minecraft:polished_blackstone":180,"minecraft:polished_basalt":288,"minecraft:chest":55,"minecraft:netherite_upgrade_smithing_template":20,"minecraft:ender_eye":1,"minecraft:magenta_dye":1193,"minecraft:stone_bricks":28,"minecraft:polished_diorite_slab":12,"minecraft:emerald":408,"minecraft:spruce_planks":280,"minecraft:gold_block":2,"minecraft:birch_planks":4,"minecraft:black_shulker_box":1,"minecraft:dispenser":1,"minecraft:lectern":20,"minecraft:dark_oak_slab":156,"minecraft:paper":1122,"minecraft:emerald_block":14,"minecraft:stick":68,"minecraft:stone_slab":54,"minecraft:iron_ingot":216,"minecraft:iron_block":434,"minecraft:gold_ingot":83,"minecraft:polished_blackstone_brick_stairs":68,"minecraft:gray_carpet":6,"minecraft:redstone_torch":1,"minecraft:netherite_ingot":2,"minecraft:polished_blackstone_bricks":180,"minecraft:golden_carrot":102,"minecraft:redstone":54,"minecraft:smooth_stone_slab":144,"minecraft:iron_nugget":2301,"minecraft:soul_torch":256,"minecraft:stone_button":3,"minecraft:gray_dye":2,"minecraft:bone_meal":2635,"minecraft:white_carpet":1116,"minecraft:warped_trapdoor":50,"minecraft:end_stone_bricks":112,"minecraft:flint_and_steel":1,"minecraft:diamond":18,"minecraft:netherite_leggings":1,"minecraft:polished_diorite":156,"minecraft:spruce_slab":6,"minecraft:eye_armor_trim_smithing_template":2,"minecraft:redstone_block":1,"minecraft:netherite_scrap":8,"minecraft:dark_oak_planks":680,"minecraft:purpur_slab":1038,"minecraft:polished_blackstone_brick_slab":18,"minecraft:dark_oak_stairs":28,"minecraft:bucket":1,"minecraft:enchanted_book":17,"minecraft:air":0,"minecraft:polished_blackstone_brick_wall":48,"minecraft:soul_lantern":260,"minecraft:white_wool":530,"minecraft:golden_apple":11,"minecraft:raiser_armor_trim_smithing_template":4,"minecraft:warped_sign":6,"minecraft:white_dye":1,"minecraft:gray_shulker_box":1,"minecraft:anvil":4,"minecraft:magenta_carpet":1122,"minecraft:lapis_lazuli":36,"minecraft:lapis_block":9,"minecraft:firework_rocket":2496},"minecraft:killed":{"minecraft:spider":6,"minecraft:pufferfish":1,"minecraft:skeleton":40,"minecraft:zombie_villager":1,"minecraft:iron_golem":1,"minecraft:creeper":20,"minecraft:sheep":3,"minecraft:zombie":46,"minecraft:drowned":2,"minecraft:squid":2,"minecraft:enderman":5282},"minecraft:mined":{"minecraft:black_shulker_box":12,"minecraft:stripped_warped_stem":2,"minecraft:red_shulker_box":3,"minecraft:stone_pressure_plate":1,"minecraft:white_bed":5,"minecraft:mossy_stone_brick_slab":3,"minecraft:end_stone_brick_wall":42,"minecraft:granite":17,"minecraft:obsidian":1284,"minecraft:spruce_trapdoor":9,"minecraft:grass_block":53,"minecraft:cracked_polished_blackstone_bricks":16,"minecraft:purpur_slab":391,"minecraft:polished_diorite":29,"minecraft:polished_blackstone_brick_slab":21,"minecraft:composter":3,"minecraft:hopper":23,"minecraft:polished_blackstone_bricks":2,"minecraft:barrel":2,"minecraft:fire":1,"minecraft:anvil":2,"minecraft:fletching_table":1,"minecraft:dark_oak_stairs":6,"minecraft:enchanting_table":4,"minecraft:water_cauldron":7,"minecraft:end_stone_bricks":59,"minecraft:iron_block":67,"minecraft:deepslate_redstone_ore":2,"minecraft:cut_sandstone":2,"minecraft:magenta_carpet":140,"minecraft:kelp_plant":1,"minecraft:soul_lantern":42,"minecraft:torch":22,"minecraft:beacon":1,"minecraft:chest":55,"minecraft:spruce_wall_sign":3,"minecraft:polished_diorite_slab":4,"minecraft:glass":14,"minecraft:cobblestone":66,"minecraft:grindstone":2,"minecraft:oak_planks":5,"minecraft:sugar_cane":151,"minecraft:spruce_sign":4,"minecraft:wall_torch":11,"minecraft:cauldron":1,"minecraft:magenta_shulker_box":54,"minecraft:stone_stairs":2,"minecraft:repeater":6,"minecraft:dark_oak_slab":4,"minecraft:warped_planks":8,"minecraft:lilac":3,"minecraft:purpur_block":13,"minecraft:smooth_stone_slab":10,"minecraft:dark_oak_sapling":1,"minecraft:dirt":54,"minecraft:sand":2,"minecraft:smooth_basalt":10,"minecraft:blue_shulker_box":1,"minecraft:dispenser":1,"minecraft:deepslate":298,"minecraft:pink_shulker_box":18,"minecraft:tuff":74,"minecraft:deepslate_diamond_ore":19,"minecraft:dark_oak_log":292,"minecraft:stripped_birch_log":4,"minecraft:gray_shulker_box":6,"minecraft:end_stone":463,"minecraft:shulker_box":47,"minecraft:glow_lichen":1,"minecraft:stone_button":3,"minecraft:redstone_wire":25,"minecraft:sandstone":7,"minecraft:polished_basalt":45,"minecraft:light_gray_shulker_box":4,"minecraft:andesite":28,"minecraft:warped_wall_sign":3,"minecraft:bookshelf":73,"minecraft:warped_stem":82,"minecraft:packed_ice":23,"minecraft:warped_trapdoor":1,"minecraft:stone":780,"minecraft:yellow_shulker_box":1,"minecraft:redstone_wall_torch":1,"minecraft:smithing_table":1,"minecraft:light_blue_shulker_box":1,"minecraft:redstone_block":4,"minecraft:glass_pane":4,"minecraft:stripped_dark_oak_log":6,"minecraft:basalt":26,"minecraft:stone_brick_slab":27,"minecraft:polished_blackstone_brick_wall":46,"minecraft:crafting_table":5,"minecraft:short_grass":19,"minecraft:warped_roots":2,"minecraft:lectern":286,"minecraft:stone_slab":1,"minecraft:tall_grass":4,"minecraft:purpur_pillar":61,"minecraft:copper_ore":2,"minecraft:polished_blackstone_brick_stairs":108,"minecraft:diorite":5,"minecraft:birch_planks":10,"minecraft:green_shulker_box":2,"minecraft:redstone_torch":4,"minecraft:ice":43,"minecraft:white_carpet":5,"minecraft:end_rod":14,"minecraft:gravel":69,"minecraft:stone_bricks":27}},"DataVersion":3953}