{"stats":{"minecraft:crafted":{"minecraft:bookshelf":2,"minecraft:shulker_box":6,"minecraft:cooked_mutton":10,"minecraft:mace":1,"minecraft:quartz_block":284,"minecraft:glass":32,"minecraft:emerald":78,"minecraft:cooked_porkchop":9,"minecraft:spruce_door":9,"minecraft:copper_ingot":9,"minecraft:fletching_table":1,"minecraft:campfire":7,"minecraft:iron_pickaxe":1,"minecraft:iron_block":48,"minecraft:gold_ingot":258,"minecraft:composter":1,"minecraft:spruce_fence_gate":2,"minecraft:nautilus_shell":2,"minecraft:golden_carrot":15,"minecraft:bone_meal":15,"minecraft:lantern":12,"minecraft:diamond":9,"minecraft:dark_oak_fence":9,"minecraft:spruce_stairs":96,"minecraft:spruce_slab":132,"minecraft:spruce_boat":1,"minecraft:dark_oak_planks":12,"minecraft:crossbow":8,"minecraft:glowstone":27,"minecraft:enchanted_book":1,"minecraft:oak_fence_gate":2,"minecraft:golden_apple":5,"minecraft:oak_planks":160,"minecraft:barrel":5,"minecraft:cobblestone_stairs":23,"minecraft:bow":8,"minecraft:chest":18,"minecraft:oak_button":8,"minecraft:bricks":30,"minecraft:oak_fence":18,"minecraft:crafting_table":13,"minecraft:spruce_planks":1592,"minecraft:baked_potato":371,"minecraft:gold_block":39,"minecraft:birch_planks":4,"minecraft:spruce_trapdoor":60,"minecraft:paper":537,"minecraft:emerald_block":16,"minecraft:shield":3,"minecraft:stick":1812,"minecraft:light_blue_dye":1,"minecraft:light_blue_shulker_box":1,"minecraft:shears":1,"minecraft:oak_door":18,"minecraft:fishing_rod":1,"minecraft:diamond_block":12,"minecraft:flint_and_steel":5,"minecraft:iron_hoe":1,"minecraft:chiseled_bookshelf":1,"minecraft:cobblestone_wall":18,"minecraft:cooked_beef":29,"minecraft:spruce_sign":12,"minecraft:bucket":1,"minecraft:air":0,"minecraft:gold_nugget":117,"minecraft:torch":288,"minecraft:lapis_lazuli":72,"minecraft:carrot_on_a_stick":1,"minecraft:firework_rocket":1158},"minecraft:dropped":{"minecraft:ominous_bottle":3,"minecraft:cooked_beef":10,"minecraft:glass_bottle":11,"minecraft:diamond":1,"minecraft:crafting_table":1,"minecraft:warped_roots":2,"minecraft:cracked_stone_bricks":1,"minecraft:purpur_stairs":3,"minecraft:elytra":2,"minecraft:leather_helmet":1,"minecraft:red_mushroom":2,"minecraft:dirt":9,"minecraft:scrape_pottery_sherd":4,"minecraft:netherite_boots":1,"minecraft:bone_meal":2,"minecraft:sand":55,"minecraft:white_wool":1,"minecraft:bone":163,"minecraft:compass":1,"minecraft:sugar_cane":2,"minecraft:cooked_chicken":1,"minecraft:cobbled_deepslate":280,"minecraft:netherite_sword":3,"minecraft:rotten_flesh":70,"minecraft:oak_planks":4,"minecraft:glowstone_dust":4,"minecraft:light_gray_carpet":3,"minecraft:azure_bluet":1,"minecraft:white_bed":1,"minecraft:waxed_copper_block":2,"minecraft:wind_charge":161,"minecraft:red_candle":3,"minecraft:leather_boots":1,"minecraft:end_stone_bricks":5,"minecraft:beef":2,"minecraft:enchanted_book":31,"minecraft:iron_ingot":25,"minecraft:netherite_pickaxe":4,"minecraft:wheat_seeds":463,"minecraft:waxed_oxidized_cut_copper_stairs":1,"minecraft:netherite_chestplate":1,"minecraft:netherite_helmet":1,"minecraft:oak_fence":3,"minecraft:cobblestone":148,"minecraft:book":5,"minecraft:apple":6,"minecraft:granite":17,"minecraft:coal":5,"minecraft:potion":1,"minecraft:oak_stairs":1,"minecraft:armadillo_scute":2,"minecraft:heart_of_the_sea":1,"minecraft:iron_shovel":1,"minecraft:string":176,"minecraft:purpur_pillar":1,"minecraft:player_head":4,"minecraft:stone_sword":1,"minecraft:white_carpet":9,"minecraft:white_terracotta":2,"minecraft:nether_bricks":12,"minecraft:pumpkin_seeds":4,"minecraft:blast_furnace":3,"minecraft:lily_of_the_valley":2,"minecraft:diamond_sword":2,"minecraft:flower_pot":2,"minecraft:allium":3,"minecraft:spruce_planks":1,"minecraft:diamond_pickaxe":1,"minecraft:yellow_bed":1,"minecraft:redstone_torch":1,"minecraft:spider_eye":81,"minecraft:stone_bricks":1,"minecraft:bow":1,"minecraft:bell":2,"minecraft:magma_block":12,"minecraft:black_wool":1,"minecraft:guster_pottery_sherd":2,"minecraft:oak_log":19,"minecraft:baked_potato":38,"minecraft:ender_pearl":368,"minecraft:netherite_upgrade_smithing_template":3,"minecraft:tide_armor_trim_smithing_template":4,"minecraft:leather":3,"minecraft:honeycomb":32,"minecraft:jungle_planks":1,"minecraft:heavy_core":2,"minecraft:cod":30,"minecraft:cut_sandstone":2,"minecraft:snowball":56,"minecraft:purpur_block":4,"minecraft:blackstone":2,"minecraft:chiseled_tuff_bricks":1,"minecraft:diamond_shovel":1,"minecraft:honey_bottle":2,"minecraft:carrot":2,"minecraft:oak_fence_gate":1,"minecraft:trident":3,"minecraft:gunpowder":16,"minecraft:iron_bars":1,"minecraft:arrow":39,"minecraft:quartz":240,"minecraft:oak_leaves":3,"minecraft:netherrack":1297,"minecraft:firework_rocket":1,"minecraft:bread":1,"minecraft:copper_ingot":1,"minecraft:ominous_trial_key":3,"minecraft:grass_block":1,"minecraft:flow_armor_trim_smithing_template":1,"minecraft:stick":4,"minecraft:iron_block":2,"minecraft:diorite":6,"minecraft:torch":128,"minecraft:waxed_copper_bulb":1,"minecraft:waxed_oxidized_copper":6,"minecraft:flow_banner_pattern":5,"minecraft:chiseled_sandstone":1,"minecraft:smooth_basalt":31,"minecraft:redstone":6,"minecraft:kelp":27,"minecraft:tuff_bricks":29,"minecraft:flow_pottery_sherd":4,"minecraft:raw_copper":28,"minecraft:tuff":8,"minecraft:stripped_oak_log":1,"minecraft:totem_of_undying":1,"minecraft:glass_pane":3,"minecraft:netherite_leggings":1,"minecraft:filled_map":8,"minecraft:shield":6,"minecraft:trial_key":3,"minecraft:andesite":64,"minecraft:golden_sword":1,"minecraft:slime_ball":38,"minecraft:light_blue_terracotta":2,"minecraft:nautilus_shell":4,"minecraft:waxed_oxidized_copper_grate":21,"minecraft:brick":32},"minecraft:killed":{"minecraft:cave_spider":30,"minecraft:cod":15,"minecraft:shulker":22,"minecraft:skeleton":5,"minecraft:guardian":10,"minecraft:magma_cube":1,"minecraft:elder_guardian":1,"minecraft:pillager":2,"minecraft:zombie":38,"minecraft:cow":3,"minecraft:horse":1,"minecraft:wandering_trader":1,"minecraft:breeze":7,"minecraft:enderman":1075,"minecraft:zombified_piglin":1,"minecraft:witch":1,"minecraft:spider":40,"minecraft:silverfish":12,"minecraft:piglin":1,"minecraft:pig":3,"minecraft:creeper":6,"minecraft:sheep":6,"minecraft:ghast":2,"minecraft:stray":16,"minecraft:blaze":1,"minecraft:bogged":14,"minecraft:slime":85,"minecraft:drowned":12},"minecraft:broken":{"minecraft:carrot_on_a_stick":1,"minecraft:flint_and_steel":3},"minecraft:killed_by":{"minecraft:zombie":1,"minecraft:shulker":2,"minecraft:creeper":1,"minecraft:drowned":5,"minecraft:piglin":2,"minecraft:cave_spider":1,"minecraft:spider":1},"minecraft:custom":{"minecraft:interact_with_crafting_table":107,"minecraft:open_barrel":364,"minecraft:bell_ring":3,"minecraft:eat_cake_slice":2,"minecraft:leave_game":32,"minecraft:time_since_death":58030,"minecraft:damage_blocked_by_shield":692,"minecraft:play_time":1313955,"minecraft:deaths":77,"minecraft:jump":6520,"minecraft:interact_with_furnace":16,"minecraft:traded_with_villager":101,"minecraft:sleep_in_bed":8,"minecraft:damage_dealt":34421,"minecraft:interact_with_smoker":51,"minecraft:inspect_dispenser":3,"minecraft:horse_one_cm":272714,"minecraft:interact_with_smithing_table":4,"minecraft:interact_with_anvil":43,"minecraft:inspect_hopper":24,"minecraft:sneak_time":39867,"minecraft:interact_with_blast_furnace":13,"minecraft:total_world_time":1313955,"minecraft:interact_with_stonecutter":9,"minecraft:time_since_rest":58059,"minecraft:swim_one_cm":466222,"minecraft:fly_one_cm":1152572,"minecraft:open_chest":1014,"minecraft:fish_caught":1,"minecraft:fall_one_cm":286720,"minecraft:animals_bred":4,"minecraft:open_shulker_box":533,"minecraft:sprint_one_cm":1999402,"minecraft:drop":1426,"minecraft:talked_to_villager":89,"minecraft:interact_with_brewingstand":60,"minecraft:walk_on_water_one_cm":128296,"minecraft:interact_with_loom":2,"minecraft:open_enderchest":67,"minecraft:crouch_one_cm":84671,"minecraft:mob_kills":1426,"minecraft:climb_one_cm":63567,"minecraft:walk_one_cm":3683013,"minecraft:walk_under_water_one_cm":378823,"minecraft:boat_one_cm":51701,"minecraft:damage_taken":30334,"minecraft:pig_one_cm":11097,"minecraft:aviate_one_cm":30146574},"minecraft:mined":{"minecraft:dragon_wall_head":2,"minecraft:red_shulker_box":38,"minecraft:white_bed":8,"minecraft:obsidian":1,"minecraft:carved_pumpkin":1,"minecraft:purpur_slab":2,"minecraft:tall_seagrass":6,"minecraft:magma_block":18,"minecraft:fire":12,"minecraft:barrel":10,"minecraft:cobbled_deepslate":4,"minecraft:pumpkin":15,"minecraft:deepslate_lapis_ore":2,"minecraft:fletching_table":2,"minecraft:water_cauldron":2,"minecraft:dirt_path":23,"minecraft:oak_stairs":60,"minecraft:iron_block":1,"minecraft:blue_orchid":1,"minecraft:tripwire":1,"minecraft:cut_sandstone":9,"minecraft:kelp_plant":7,"minecraft:smoker":4,"minecraft:powder_snow":6,"minecraft:torch":31,"minecraft:blast_furnace":7,"minecraft:white_stained_glass_pane":4,"minecraft:sugar_cane":279,"minecraft:damaged_anvil":1,"minecraft:white_terracotta":62,"minecraft:waxed_copper_bulb":1,"minecraft:wheat":2,"minecraft:oak_fence_gate":2,"minecraft:blue_shulker_box":58,"minecraft:stonecutter":4,"minecraft:deepslate":338,"minecraft:mossy_cobblestone":35,"minecraft:dark_oak_log":3,"minecraft:shulker_box":63,"minecraft:nether_bricks":13,"minecraft:spruce_fence":19,"minecraft:jungle_planks":1,"minecraft:kelp":7,"minecraft:cartography_table":1,"minecraft:suspicious_sand":4,"minecraft:potatoes":88,"minecraft:cobblestone_slab":2,"minecraft:vine":3,"minecraft:white_wool":1,"minecraft:light_gray_carpet":4,"minecraft:glass_pane":38,"minecraft:short_grass":89,"minecraft:sponge":1,"minecraft:warped_roots":1,"minecraft:campfire":1,"minecraft:tall_grass":18,"minecraft:copper_ore":3,"minecraft:purpur_pillar":4,"minecraft:deepslate_gold_ore":4,"minecraft:purple_bed":2,"minecraft:white_carpet":12,"minecraft:spruce_log":1312,"minecraft:gravel":34,"minecraft:cobweb":2,"minecraft:stone_bricks":22,"minecraft:fern":1,"minecraft:spruce_planks":25,"minecraft:sculk_vein":8,"minecraft:cobblestone_stairs":11,"minecraft:brewing_stand":2,"minecraft:spruce_trapdoor":17,"minecraft:grass_block":194,"minecraft:glowstone":34,"minecraft:azure_bluet":1,"minecraft:iron_bars":4,"minecraft:end_stone_bricks":14,"minecraft:spruce_slab":36,"minecraft:blackstone":9,"minecraft:magenta_wall_banner":1,"minecraft:purpur_stairs":3,"minecraft:clay":2,"minecraft:chest":5,"minecraft:cobblestone":349,"minecraft:nether_quartz_ore":714,"minecraft:grindstone":4,"minecraft:oak_planks":62,"minecraft:cauldron":2,"minecraft:deepslate_copper_ore":1,"minecraft:seagrass":12,"minecraft:light_blue_terracotta":3,"minecraft:red_candle":1,"minecraft:warped_nylium":23,"minecraft:light_gray_wool":2,"minecraft:purpur_block":215,"minecraft:yellow_stained_glass_pane":4,"minecraft:oak_log":165,"minecraft:waxed_oxidized_copper":1,"minecraft:sand":364,"minecraft:dirt":312,"minecraft:netherrack":2561,"minecraft:oak_leaves":15,"minecraft:nether_gold_ore":226,"minecraft:deepslate_diamond_ore":10,"minecraft:oak_door":12,"minecraft:ladder":2,"minecraft:chiseled_bookshelf":1,"minecraft:decorated_pot":52,"minecraft:spruce_leaves":122,"minecraft:sandstone":34,"minecraft:large_fern":1,"minecraft:hay_block":1,"minecraft:oak_trapdoor":9,"minecraft:spruce_sapling":1,"minecraft:furnace":1,"minecraft:chiseled_sandstone":3,"minecraft:gold_block":1,"minecraft:bell":2,"minecraft:lantern":20,"minecraft:stripped_oak_log":1,"minecraft:packed_ice":11,"minecraft:stone":115,"minecraft:yellow_shulker_box":54,"minecraft:podzol":9,"minecraft:light_blue_shulker_box":32,"minecraft:acacia_leaves":2,"minecraft:scaffolding":1,"minecraft:magenta_stained_glass":5,"minecraft:snow_block":17,"minecraft:basalt":1,"minecraft:polished_granite":3,"minecraft:oak_fence":7,"minecraft:crafting_table":10,"minecraft:lectern":4,"minecraft:blue_bed":7,"minecraft:spruce_stairs":16,"minecraft:waxed_oxidized_copper_grate":22,"minecraft:sweet_berry_bush":2,"minecraft:yellow_bed":8,"minecraft:coal_ore":63,"minecraft:flower_pot":2,"minecraft:cracked_stone_bricks":1},"minecraft:used":{"minecraft:spruce_slab":140,"minecraft:elytra":126,"minecraft:ladder":10,"minecraft:chest":22,"minecraft:deepslate_brick_slab":18,"minecraft:spruce_boat":1,"minecraft:wet_sponge":1,"minecraft:netherite_boots":3,"minecraft:bow":67,"minecraft:ominous_bottle":2,"minecraft:sweet_berries":5,"minecraft:furnace":1,"minecraft:oak_sapling":5,"minecraft:potato":88,"minecraft:end_stone_bricks":2,"minecraft:damaged_anvil":1,"minecraft:spruce_door":10,"minecraft:chorus_fruit":15,"minecraft:composter":1,"minecraft:purpur_pillar":2,"minecraft:sand":125,"minecraft:netherite_helmet":3,"minecraft:deepslate_brick_stairs":8,"minecraft:lectern":5,"minecraft:diamond_sword":240,"minecraft:dark_oak_fence":9,"minecraft:oak_trapdoor":5,"minecraft:carved_pumpkin":6,"minecraft:armor_stand":6,"minecraft:light_gray_carpet":1,"minecraft:trial_key":3,"minecraft:netherrack":103,"minecraft:torch":30,"minecraft:brewing_stand":1,"minecraft:oak_fence_gate":3,"minecraft:red_shulker_box":38,"minecraft:iron_block":33,"minecraft:barrel":6,"minecraft:diamond_chestplate":28,"minecraft:goat_horn":1,"minecraft:cobbled_deepslate":27,"minecraft:wheat_seeds":26,"minecraft:water_bucket":3,"minecraft:chiseled_bookshelf":1,"minecraft:light_blue_shulker_box":32,"minecraft:yellow_shulker_box":54,"minecraft:cartography_table":1,"minecraft:fletching_table":4,"minecraft:spruce_fence_gate":5,"minecraft:mossy_cobblestone":3,"minecraft:vine":3,"minecraft:tnt":15,"minecraft:crafting_table":18,"minecraft:white_bed":2,"minecraft:campfire":7,"minecraft:cake":1,"minecraft:spruce_log":66,"minecraft:oak_log":30,"minecraft:diamond_pickaxe":1320,"minecraft:ominous_trial_key":10,"minecraft:diamond_shovel":964,"minecraft:oak_button":8,"minecraft:iron_pickaxe":117,"minecraft:leather_helmet":4,"minecraft:spruce_trapdoor":87,"minecraft:spruce_sapling":29,"minecraft:cobblestone":212,"minecraft:potion":12,"minecraft:cooked_porkchop":1,"minecraft:glass_pane":38,"minecraft:diamond_leggings":2,"minecraft:iron_shovel":18,"minecraft:shield":11,"minecraft:player_head":56,"minecraft:spruce_leaves":10,"minecraft:waxed_copper_grate":1,"minecraft:obsidian":1,"minecraft:waxed_oxidized_copper_grate":1,"minecraft:bricks":23,"minecraft:lantern":29,"minecraft:stone_bricks":21,"minecraft:item_frame":1,"minecraft:scaffolding":3,"minecraft:blue_shulker_box":58,"minecraft:diamond_boots":2,"minecraft:oak_planks":107,"minecraft:ender_pearl":9,"minecraft:sandstone":21,"minecraft:blue_bed":5,"minecraft:diamond_axe":1851,"minecraft:sugar_cane":8,"minecraft:netherite_leggings":2,"minecraft:loom":1,"minecraft:crossbow":125,"minecraft:shears":83,"minecraft:firework_rocket":1169,"minecraft:string":1,"minecraft:gravel":26,"minecraft:grindstone":2,"minecraft:andesite":15,"minecraft:bone_meal":9,"minecraft:oak_fence":22,"minecraft:purpur_block":33,"minecraft:trident":764,"minecraft:netherite_sword":210,"minecraft:flint_and_steel":248,"minecraft:spruce_planks":133,"minecraft:oak_door":21,"minecraft:dirt":914,"minecraft:spyglass":10,"minecraft:white_carpet":2,"minecraft:hopper":6,"minecraft:spruce_stairs":133,"minecraft:cobblestone_wall":4,"minecraft:diamond_helmet":6,"minecraft:shulker_box":63,"minecraft:spruce_fence":73,"minecraft:iron_hoe":26,"minecraft:stone_brick_slab":1,"minecraft:golden_carrot":36,"minecraft:netherite_pickaxe":3935,"minecraft:turtle_egg":3,"minecraft:pumpkin":17,"minecraft:cooked_mutton":8,"minecraft:cobblestone_stairs":14,"minecraft:snow_block":2,"minecraft:glass_bottle":1,"minecraft:netherite_chestplate":86,"minecraft:baked_potato":219,"minecraft:cut_sandstone":1,"minecraft:spruce_sign":14,"minecraft:stonecutter":3,"minecraft:cobblestone_slab":5,"minecraft:smoker":2,"minecraft:polished_tuff_slab":1,"minecraft:flower_pot":1,"minecraft:apple":1,"minecraft:fishing_rod":4,"minecraft:bucket":4,"minecraft:yellow_bed":4,"minecraft:splash_potion":4},"minecraft:picked_up":{"minecraft:seagrass":8,"minecraft:flower_pot":4,"minecraft:prismarine_shard":14,"minecraft:lead":21,"minecraft:diamond_sword":1,"minecraft:oak_stairs":60,"minecraft:enchanted_book":13,"minecraft:brewing_stand":2,"minecraft:golden_sword":1,"minecraft:string":192,"minecraft:cobbled_deepslate":509,"minecraft:gold_nugget":1922,"minecraft:spruce_planks":23,"minecraft:trial_key":4,"minecraft:netherite_upgrade_smithing_template":3,"minecraft:enchanted_golden_apple":5,"minecraft:golden_helmet":1,"minecraft:purpur_pillar":5,"minecraft:waxed_copper_grate":1,"minecraft:cauldron":4,"minecraft:stone_sword":1,"minecraft:honey_bottle":2,"minecraft:iron_block":4,"minecraft:armadillo_scute":6,"minecraft:carved_pumpkin":19,"minecraft:white_terracotta":66,"minecraft:blaze_rod":1,"minecraft:snowball":56,"minecraft:iron_bars":4,"minecraft:sponge":1,"minecraft:magma_block":12,"minecraft:cooked_beef":14,"minecraft:water_bucket":1,"minecraft:smoker":4,"minecraft:flint":5,"minecraft:lantern":27,"minecraft:stonecutter":4,"minecraft:glowstone_dust":114,"minecraft:honeycomb":16,"minecraft:dark_oak_log":3,"minecraft:barrel":9,"minecraft:granite":17,"minecraft:bread":1,"minecraft:light_gray_carpet":4,"minecraft:ominous_trial_key":13,"minecraft:diamond_pickaxe":1,"minecraft:spruce_leaves":95,"minecraft:crafting_table":11,"minecraft:ominous_bottle":6,"minecraft:clay_ball":8,"minecraft:music_disc_creator":1,"minecraft:dragon_head":1,"minecraft:purpur_block":122,"minecraft:wind_charge":161,"minecraft:flow_banner_pattern":5,"minecraft:elytra":14,"minecraft:white_carpet":11,"minecraft:glass_pane":3,"minecraft:cracked_stone_bricks":1,"minecraft:cartography_table":1,"minecraft:netherite_sword":2,"minecraft:beef":8,"minecraft:spruce_slab":36,"minecraft:guster_pottery_sherd":2,"minecraft:chest":5,"minecraft:waxed_oxidized_copper":6,"minecraft:sandstone":36,"minecraft:stone":192,"minecraft:oak_door":15,"minecraft:spruce_fence":19,"minecraft:flow_pottery_sherd":4,"minecraft:carrot":2,"minecraft:redstone":6,"minecraft:netherite_pickaxe":2,"minecraft:shears":1,"minecraft:waxed_oxidized_cut_copper_stairs":1,"minecraft:flow_armor_trim_smithing_template":3,"minecraft:totem_of_undying":1,"minecraft:tuff_bricks":29,"minecraft:mutton":6,"minecraft:white_wool":7,"minecraft:stripped_oak_log":1,"minecraft:yellow_shulker_box":54,"minecraft:red_mushroom":2,"minecraft:purpur_stairs":3,"minecraft:oak_log":186,"minecraft:blue_bed":7,"minecraft:apple":7,"minecraft:stone_bricks":22,"minecraft:kelp":27,"minecraft:oak_fence_gate":2,"minecraft:pufferfish_bucket":1,"minecraft:glass_bottle":3,"minecraft:smooth_basalt":31,"minecraft:sweet_berries":9,"minecraft:gravel":50,"minecraft:spruce_sapling":121,"minecraft:spruce_log":1541,"minecraft:firework_rocket":1,"minecraft:diamond_shovel":1,"minecraft:purple_bed":2,"minecraft:slime_ball":105,"minecraft:tide_armor_trim_smithing_template":5,"minecraft:warped_roots":2,"minecraft:baked_potato":40,"minecraft:ender_pearl":520,"minecraft:shulker_shell":13,"minecraft:wheat":11,"minecraft:yellow_wool":1,"minecraft:turtle_egg":3,"minecraft:potion":9,"minecraft:raw_copper":28,"minecraft:red_candle":3,"minecraft:armor_stand":5,"minecraft:oak_sign":1,"minecraft:redstone_torch":1,"minecraft:cobblestone_slab":2,"minecraft:furnace":8,"minecraft:tipped_arrow":74,"minecraft:stick":43,"minecraft:oak_fence":7,"minecraft:torch":65,"minecraft:spruce_stairs":16,"minecraft:diorite":6,"minecraft:vine":3,"minecraft:rotten_flesh":93,"minecraft:obsidian":1,"minecraft:cod":36,"minecraft:cobblestone":735,"minecraft:nautilus_shell":7,"minecraft:andesite":64,"minecraft:potato":333,"minecraft:tuff":8,"minecraft:lapis_lazuli":14,"minecraft:dirt":1137,"minecraft:polished_granite":2,"minecraft:leather_boots":1,"minecraft:bone":165,"minecraft:bow":1,"minecraft:wheat_seeds":47,"minecraft:raw_gold":9,"minecraft:bell":5,"minecraft:grindstone":4,"minecraft:fletching_table":3,"minecraft:bamboo":5,"minecraft:oak_planks":61,"minecraft:scrape_pottery_sherd":6,"minecraft:poisonous_potato":2,"minecraft:sand":274,"minecraft:jungle_planks":1,"minecraft:light_blue_shulker_box":32,"minecraft:grass_block":2,"minecraft:lily_of_the_valley":4,"minecraft:diamond_block":1,"minecraft:chiseled_sandstone":3,"minecraft:shulker_box":63,"minecraft:mossy_cobblestone":33,"minecraft:jungle_leaves":106,"minecraft:diamond":35,"minecraft:light_blue_terracotta":3,"minecraft:waxed_oxidized_copper_grate":22,"minecraft:crossbow":1,"minecraft:breeze_rod":51,"minecraft:bone_meal":2,"minecraft:golden_apple":1,"minecraft:emerald":91,"minecraft:oak_sapling":5,"minecraft:netherrack":1507,"minecraft:oak_leaves":3,"minecraft:end_stone_bricks":11,"minecraft:azure_bluet":1,"minecraft:allium":6,"minecraft:ladder":7,"minecraft:gold_block":1,"minecraft:shield":5,"minecraft:brick":167,"minecraft:oak_trapdoor":9,"minecraft:item_frame":1,"minecraft:blackstone":2,"minecraft:blue_orchid":1,"minecraft:player_head":5,"minecraft:sugar_cane":546,"minecraft:lectern":4,"minecraft:blue_shulker_box":58,"minecraft:spruce_trapdoor":17,"minecraft:copper_ingot":2,"minecraft:trident":4,"minecraft:arrow":117,"minecraft:red_shulker_box":38,"minecraft:nether_bricks":12,"minecraft:wet_sponge":1,"minecraft:golden_carrot":11,"minecraft:basalt":1,"minecraft:magenta_banner":1,"minecraft:cut_sandstone":7,"minecraft:leather":6,"minecraft:waxed_copper_bulb":1,"minecraft:waxed_copper_block":2,"minecraft:cobblestone_stairs":9,"minecraft:yellow_bed":9,"minecraft:gunpowder":5,"minecraft:iron_ingot":29,"minecraft:polished_tuff_slab":1,"minecraft:cooked_chicken":1,"minecraft:book":3,"minecraft:scaffolding":3,"minecraft:emerald_block":2,"minecraft:pumpkin":17,"minecraft:heavy_core":3,"minecraft:quartz":1020,"minecraft:amethyst_shard":4,"minecraft:blast_furnace":10,"minecraft:white_bed":4,"minecraft:spider_eye":86,"minecraft:pumpkin_seeds":8,"minecraft:iron_helmet":1,"minecraft:damaged_anvil":1,"minecraft:black_wool":1,"minecraft:coal":169,"minecraft:chiseled_tuff_bricks":1}},"DataVersion":3953}