{"stats":{"minecraft:picked_up":{"minecraft:seagrass":8,"minecraft:flower_pot":5,"minecraft:prismarine_shard":14,"minecraft:lead":34,"minecraft:diamond_sword":1,"minecraft:oak_stairs":60,"minecraft:enchanted_book":13,"minecraft:brewing_stand":2,"minecraft:golden_sword":1,"minecraft:string":192,"minecraft:cobbled_deepslate":509,"minecraft:gold_nugget":1922,"minecraft:spruce_planks":30,"minecraft:trial_key":4,"minecraft:netherite_upgrade_smithing_template":3,"minecraft:enchanted_golden_apple":5,"minecraft:golden_helmet":1,"minecraft:purpur_pillar":5,"minecraft:waxed_copper_grate":1,"minecraft:cauldron":4,"minecraft:stone_sword":1,"minecraft:honey_bottle":2,"minecraft:iron_block":4,"minecraft:armadillo_scute":6,"minecraft:carved_pumpkin":20,"minecraft:white_terracotta":66,"minecraft:blaze_rod":1,"minecraft:snowball":56,"minecraft:iron_bars":4,"minecraft:sponge":1,"minecraft:magma_block":12,"minecraft:cooked_beef":14,"minecraft:water_bucket":1,"minecraft:smoker":4,"minecraft:flint":5,"minecraft:lantern":30,"minecraft:stonecutter":4,"minecraft:glowstone_dust":114,"minecraft:honeycomb":16,"minecraft:stripped_spruce_log":8,"minecraft:dark_oak_log":3,"minecraft:barrel":9,"minecraft:granite":17,"minecraft:bread":1,"minecraft:light_gray_carpet":4,"minecraft:ominous_trial_key":13,"minecraft:diamond_pickaxe":1,"minecraft:spruce_leaves":95,"minecraft:crafting_table":11,"minecraft:ominous_bottle":6,"minecraft:clay_ball":8,"minecraft:music_disc_creator":1,"minecraft:dragon_head":1,"minecraft:purpur_block":122,"minecraft:wind_charge":161,"minecraft:cornflower":1,"minecraft:flow_banner_pattern":5,"minecraft:elytra":14,"minecraft:white_carpet":11,"minecraft:glass_pane":3,"minecraft:cracked_stone_bricks":1,"minecraft:cartography_table":1,"minecraft:netherite_sword":2,"minecraft:beef":8,"minecraft:poppy":1,"minecraft:spruce_slab":46,"minecraft:guster_pottery_sherd":2,"minecraft:chest":5,"minecraft:waxed_oxidized_copper":6,"minecraft:sandstone":36,"minecraft:stone":192,"minecraft:oak_door":15,"minecraft:spruce_fence":25,"minecraft:flow_pottery_sherd":4,"minecraft:carrot":2,"minecraft:redstone":6,"minecraft:netherite_pickaxe":2,"minecraft:shears":1,"minecraft:waxed_oxidized_cut_copper_stairs":1,"minecraft:flow_armor_trim_smithing_template":3,"minecraft:totem_of_undying":1,"minecraft:tuff_bricks":29,"minecraft:mutton":6,"minecraft:white_wool":7,"minecraft:oxeye_daisy":1,"minecraft:stripped_oak_log":1,"minecraft:yellow_shulker_box":54,"minecraft:red_mushroom":2,"minecraft:purpur_stairs":3,"minecraft:oak_log":186,"minecraft:blue_bed":7,"minecraft:white_banner":1,"minecraft:apple":7,"minecraft:stone_bricks":35,"minecraft:kelp":27,"minecraft:pufferfish_bucket":1,"minecraft:oak_fence_gate":2,"minecraft:glass_bottle":3,"minecraft:smooth_basalt":31,"minecraft:sweet_berries":13,"minecraft:gravel":50,"minecraft:spruce_sapling":121,"minecraft:spruce_log":1569,"minecraft:firework_rocket":1,"minecraft:diamond_shovel":1,"minecraft:purple_bed":2,"minecraft:slime_ball":105,"minecraft:tide_armor_trim_smithing_template":5,"minecraft:warped_roots":2,"minecraft:baked_potato":40,"minecraft:ender_pearl":1205,"minecraft:shulker_shell":13,"minecraft:wheat":11,"minecraft:yellow_wool":10,"minecraft:turtle_egg":3,"minecraft:potion":9,"minecraft:stone_brick_stairs":9,"minecraft:raw_copper":44,"minecraft:red_candle":3,"minecraft:armor_stand":5,"minecraft:oak_sign":1,"minecraft:redstone_torch":1,"minecraft:cobblestone_slab":2,"minecraft:furnace":8,"minecraft:tipped_arrow":74,"minecraft:stick":43,"minecraft:oak_fence":8,"minecraft:torch":76,"minecraft:spruce_stairs":49,"minecraft:diorite":6,"minecraft:vine":10,"minecraft:cactus":7,"minecraft:rotten_flesh":93,"minecraft:spruce_hanging_sign":2,"minecraft:obsidian":12,"minecraft:cod":36,"minecraft:cobblestone":805,"minecraft:nautilus_shell":7,"minecraft:andesite":64,"minecraft:potato":337,"minecraft:tuff":8,"minecraft:lapis_lazuli":14,"minecraft:dirt":1273,"minecraft:polished_granite":2,"minecraft:leather_boots":1,"minecraft:bone":165,"minecraft:bow":1,"minecraft:wheat_seeds":56,"minecraft:raw_gold":9,"minecraft:bell":5,"minecraft:grindstone":5,"minecraft:fletching_table":3,"minecraft:bamboo":5,"minecraft:oak_planks":61,"minecraft:scrape_pottery_sherd":6,"minecraft:poisonous_potato":2,"minecraft:sand":276,"minecraft:jungle_planks":1,"minecraft:light_blue_shulker_box":32,"minecraft:grass_block":2,"minecraft:lily_of_the_valley":4,"minecraft:diamond_block":1,"minecraft:chiseled_sandstone":3,"minecraft:shulker_box":85,"minecraft:mossy_cobblestone":36,"minecraft:jungle_leaves":106,"minecraft:spruce_fence_gate":28,"minecraft:light_blue_terracotta":3,"minecraft:diamond":35,"minecraft:waxed_oxidized_copper_grate":22,"minecraft:crossbow":1,"minecraft:breeze_rod":51,"minecraft:bone_meal":2,"minecraft:golden_apple":1,"minecraft:spruce_sign":14,"minecraft:emerald":91,"minecraft:oak_sapling":5,"minecraft:netherrack":1507,"minecraft:oak_leaves":3,"minecraft:end_stone_bricks":11,"minecraft:azure_bluet":2,"minecraft:allium":6,"minecraft:ladder":7,"minecraft:stone_brick_wall":7,"minecraft:gold_block":1,"minecraft:chain":1,"minecraft:shield":5,"minecraft:brick":167,"minecraft:oak_trapdoor":11,"minecraft:item_frame":1,"minecraft:blackstone":2,"minecraft:blue_orchid":1,"minecraft:player_head":5,"minecraft:lectern":4,"minecraft:blue_shulker_box":58,"minecraft:sugar_cane":546,"minecraft:spruce_trapdoor":70,"minecraft:copper_ingot":2,"minecraft:trident":4,"minecraft:arrow":117,"minecraft:red_shulker_box":38,"minecraft:nether_bricks":12,"minecraft:wet_sponge":1,"minecraft:golden_carrot":11,"minecraft:basalt":1,"minecraft:magenta_banner":1,"minecraft:cut_sandstone":7,"minecraft:leather":6,"minecraft:waxed_copper_bulb":1,"minecraft:waxed_copper_block":2,"minecraft:cobblestone_stairs":12,"minecraft:yellow_bed":10,"minecraft:gunpowder":5,"minecraft:iron_ingot":29,"minecraft:polished_tuff_slab":1,"minecraft:cooked_chicken":1,"minecraft:book":3,"minecraft:scaffolding":3,"minecraft:emerald_block":2,"minecraft:pumpkin":17,"minecraft:heavy_core":3,"minecraft:stone_brick_slab":4,"minecraft:dandelion":8,"minecraft:quartz":1020,"minecraft:amethyst_shard":4,"minecraft:blast_furnace":10,"minecraft:white_bed":4,"minecraft:spruce_door":2,"minecraft:spider_eye":86,"minecraft:pumpkin_seeds":12,"minecraft:iron_helmet":1,"minecraft:damaged_anvil":1,"minecraft:black_wool":1,"minecraft:coal":169,"minecraft:chiseled_tuff_bricks":1},"minecraft:used":{"minecraft:spruce_slab":140,"minecraft:elytra":126,"minecraft:ladder":10,"minecraft:chest":22,"minecraft:stone":20,"minecraft:deepslate_brick_slab":18,"minecraft:spruce_boat":1,"minecraft:wet_sponge":1,"minecraft:stone_brick_stairs":17,"minecraft:netherite_boots":3,"minecraft:bow":67,"minecraft:ominous_bottle":2,"minecraft:sweet_berries":13,"minecraft:furnace":1,"minecraft:oak_sapling":5,"minecraft:potato":90,"minecraft:damaged_anvil":1,"minecraft:end_stone_bricks":2,"minecraft:spruce_door":12,"minecraft:chorus_fruit":15,"minecraft:composter":1,"minecraft:purpur_pillar":2,"minecraft:sand":126,"minecraft:netherite_helmet":3,"minecraft:deepslate_brick_stairs":8,"minecraft:lectern":5,"minecraft:diamond_sword":240,"minecraft:dark_oak_fence":9,"minecraft:oak_trapdoor":19,"minecraft:carved_pumpkin":7,"minecraft:armor_stand":6,"minecraft:light_gray_carpet":1,"minecraft:trial_key":3,"minecraft:netherrack":103,"minecraft:torch":40,"minecraft:brewing_stand":1,"minecraft:oak_fence_gate":3,"minecraft:red_shulker_box":38,"minecraft:iron_block":37,"minecraft:barrel":6,"minecraft:diamond_chestplate":28,"minecraft:goat_horn":1,"minecraft:cobbled_deepslate":27,"minecraft:wheat_seeds":32,"minecraft:water_bucket":4,"minecraft:chiseled_bookshelf":1,"minecraft:light_blue_shulker_box":32,"minecraft:yellow_shulker_box":54,"minecraft:cartography_table":1,"minecraft:fletching_table":4,"minecraft:spruce_fence_gate":41,"minecraft:mossy_cobblestone":3,"minecraft:vine":10,"minecraft:tnt":15,"minecraft:crafting_table":19,"minecraft:white_bed":3,"minecraft:campfire":8,"minecraft:cake":1,"minecraft:spruce_log":74,"minecraft:oak_log":30,"minecraft:diamond_pickaxe":1320,"minecraft:ominous_trial_key":10,"minecraft:diamond_shovel":1459,"minecraft:oak_button":8,"minecraft:iron_pickaxe":117,"minecraft:leather_helmet":4,"minecraft:spruce_trapdoor":132,"minecraft:spruce_sapling":29,"minecraft:cobblestone":294,"minecraft:potion":12,"minecraft:cooked_porkchop":1,"minecraft:glass_pane":38,"minecraft:diamond_leggings":2,"minecraft:iron_shovel":18,"minecraft:shield":11,"minecraft:player_head":66,"minecraft:spruce_leaves":10,"minecraft:waxed_copper_grate":1,"minecraft:obsidian":1,"minecraft:waxed_oxidized_copper_grate":1,"minecraft:bricks":23,"minecraft:lantern":38,"minecraft:stone_bricks":72,"minecraft:item_frame":1,"minecraft:spruce_hanging_sign":3,"minecraft:scaffolding":3,"minecraft:blue_shulker_box":58,"minecraft:diamond_boots":2,"minecraft:oak_planks":107,"minecraft:ender_pearl":9,"minecraft:sandstone":21,"minecraft:blue_bed":5,"minecraft:diamond_axe":2043,"minecraft:sugar_cane":8,"minecraft:netherite_leggings":2,"minecraft:loom":1,"minecraft:crossbow":125,"minecraft:stone_brick_wall":13,"minecraft:shears":91,"minecraft:firework_rocket":1206,"minecraft:string":1,"minecraft:gravel":26,"minecraft:grindstone":3,"minecraft:andesite":15,"minecraft:chain":1,"minecraft:bone_meal":9,"minecraft:oak_fence":22,"minecraft:purpur_block":33,"minecraft:trident":764,"minecraft:netherite_sword":259,"minecraft:flint_and_steel":248,"minecraft:spruce_planks":179,"minecraft:stone_hoe":2,"minecraft:oak_door":21,"minecraft:dirt":1306,"minecraft:spyglass":10,"minecraft:white_carpet":2,"minecraft:hopper":6,"minecraft:spruce_stairs":150,"minecraft:cobblestone_wall":4,"minecraft:diamond_helmet":6,"minecraft:shulker_box":86,"minecraft:spruce_fence":73,"minecraft:iron_hoe":35,"minecraft:stone_brick_slab":9,"minecraft:golden_carrot":36,"minecraft:netherite_pickaxe":4080,"minecraft:turtle_egg":3,"minecraft:pumpkin":17,"minecraft:cooked_mutton":8,"minecraft:cobblestone_stairs":46,"minecraft:snow_block":2,"minecraft:glass_bottle":1,"minecraft:netherite_chestplate":86,"minecraft:baked_potato":232,"minecraft:cut_sandstone":1,"minecraft:spruce_sign":15,"minecraft:stonecutter":3,"minecraft:cobblestone_slab":5,"minecraft:smoker":2,"minecraft:polished_tuff_slab":1,"minecraft:flower_pot":2,"minecraft:apple":1,"minecraft:yellow_wool":7,"minecraft:fishing_rod":4,"minecraft:bucket":6,"minecraft:yellow_bed":5,"minecraft:splash_potion":4},"minecraft:mined":{"minecraft:dragon_wall_head":2,"minecraft:red_shulker_box":38,"minecraft:white_bed":8,"minecraft:obsidian":11,"minecraft:carved_pumpkin":2,"minecraft:stone_brick_wall":8,"minecraft:purpur_slab":2,"minecraft:oxeye_daisy":3,"minecraft:tall_seagrass":6,"minecraft:magma_block":18,"minecraft:fire":12,"minecraft:cobbled_deepslate":4,"minecraft:barrel":10,"minecraft:pumpkin":15,"minecraft:deepslate_lapis_ore":2,"minecraft:fletching_table":2,"minecraft:water_cauldron":2,"minecraft:dirt_path":63,"minecraft:oak_stairs":60,"minecraft:iron_block":1,"minecraft:blue_orchid":1,"minecraft:white_banner":1,"minecraft:tripwire":1,"minecraft:cut_sandstone":9,"minecraft:kelp_plant":7,"minecraft:smoker":4,"minecraft:powder_snow":6,"minecraft:torch":43,"minecraft:blast_furnace":7,"minecraft:white_stained_glass_pane":4,"minecraft:spruce_wall_sign":3,"minecraft:sugar_cane":279,"minecraft:damaged_anvil":1,"minecraft:white_terracotta":62,"minecraft:chain":1,"minecraft:waxed_copper_bulb":1,"minecraft:wheat":2,"minecraft:stone_brick_stairs":9,"minecraft:oak_fence_gate":2,"minecraft:blue_shulker_box":58,"minecraft:stonecutter":4,"minecraft:deepslate":338,"minecraft:mossy_cobblestone":38,"minecraft:dark_oak_log":3,"minecraft:shulker_box":85,"minecraft:nether_bricks":13,"minecraft:spruce_fence":25,"minecraft:jungle_planks":1,"minecraft:kelp":7,"minecraft:cartography_table":1,"minecraft:suspicious_sand":4,"minecraft:potatoes":88,"minecraft:cobblestone_slab":2,"minecraft:vine":10,"minecraft:white_wool":1,"minecraft:light_gray_carpet":4,"minecraft:glass_pane":38,"minecraft:stone_brick_slab":4,"minecraft:dandelion":10,"minecraft:cornflower":1,"minecraft:short_grass":121,"minecraft:sponge":1,"minecraft:warped_roots":1,"minecraft:campfire":1,"minecraft:copper_ore":4,"minecraft:purpur_pillar":4,"minecraft:tall_grass":18,"minecraft:deepslate_gold_ore":4,"minecraft:purple_bed":2,"minecraft:white_carpet":12,"minecraft:spruce_log":1334,"minecraft:gravel":34,"minecraft:cobweb":2,"minecraft:spruce_fence_gate":29,"minecraft:stone_bricks":35,"minecraft:fern":1,"minecraft:spruce_planks":32,"minecraft:farmland":1,"minecraft:sculk_vein":8,"minecraft:cobblestone_stairs":14,"minecraft:brewing_stand":2,"minecraft:spruce_trapdoor":72,"minecraft:grass_block":241,"minecraft:glowstone":34,"minecraft:azure_bluet":2,"minecraft:iron_bars":4,"minecraft:end_stone_bricks":14,"minecraft:spruce_slab":46,"minecraft:blackstone":9,"minecraft:magenta_wall_banner":1,"minecraft:purpur_stairs":3,"minecraft:clay":2,"minecraft:poppy":1,"minecraft:chest":5,"minecraft:cobblestone":368,"minecraft:nether_quartz_ore":714,"minecraft:oak_planks":62,"minecraft:grindstone":5,"minecraft:cauldron":2,"minecraft:deepslate_copper_ore":1,"minecraft:spruce_wall_hanging_sign":2,"minecraft:seagrass":12,"minecraft:light_blue_terracotta":3,"minecraft:red_candle":1,"minecraft:warped_nylium":23,"minecraft:yellow_wool":3,"minecraft:light_gray_wool":2,"minecraft:purpur_block":215,"minecraft:yellow_stained_glass_pane":4,"minecraft:oak_log":165,"minecraft:waxed_oxidized_copper":1,"minecraft:sand":366,"minecraft:dirt":330,"minecraft:netherrack":2561,"minecraft:oak_leaves":15,"minecraft:nether_gold_ore":226,"minecraft:oak_door":12,"minecraft:deepslate_diamond_ore":10,"minecraft:ladder":2,"minecraft:chiseled_bookshelf":1,"minecraft:decorated_pot":52,"minecraft:spruce_leaves":122,"minecraft:sandstone":34,"minecraft:large_fern":1,"minecraft:hay_block":1,"minecraft:oak_trapdoor":11,"minecraft:spruce_sapling":1,"minecraft:furnace":1,"minecraft:chiseled_sandstone":3,"minecraft:stripped_spruce_log":8,"minecraft:gold_block":1,"minecraft:bell":2,"minecraft:lantern":22,"minecraft:stripped_oak_log":1,"minecraft:packed_ice":11,"minecraft:stone":163,"minecraft:yellow_shulker_box":54,"minecraft:podzol":29,"minecraft:light_blue_shulker_box":32,"minecraft:acacia_leaves":2,"minecraft:scaffolding":1,"minecraft:magenta_stained_glass":5,"minecraft:snow_block":17,"minecraft:basalt":1,"minecraft:spruce_door":2,"minecraft:polished_granite":3,"minecraft:oak_fence":8,"minecraft:crafting_table":10,"minecraft:lectern":4,"minecraft:blue_bed":7,"minecraft:spruce_stairs":49,"minecraft:cactus":2,"minecraft:waxed_oxidized_copper_grate":22,"minecraft:sweet_berry_bush":3,"minecraft:yellow_bed":9,"minecraft:coal_ore":63,"minecraft:flower_pot":3,"minecraft:cracked_stone_bricks":1},"minecraft:killed":{"minecraft:cave_spider":30,"minecraft:cod":15,"minecraft:shulker":22,"minecraft:skeleton":5,"minecraft:guardian":10,"minecraft:magma_cube":1,"minecraft:elder_guardian":1,"minecraft:pillager":2,"minecraft:zombie":39,"minecraft:cow":3,"minecraft:horse":1,"minecraft:wandering_trader":1,"minecraft:breeze":7,"minecraft:enderman":1628,"minecraft:zombified_piglin":1,"minecraft:witch":1,"minecraft:spider":40,"minecraft:silverfish":12,"minecraft:piglin":1,"minecraft:pig":3,"minecraft:creeper":6,"minecraft:sheep":6,"minecraft:ghast":2,"minecraft:stray":16,"minecraft:blaze":1,"minecraft:bogged":14,"minecraft:slime":85,"minecraft:drowned":12},"minecraft:crafted":{"minecraft:yellow_wool":3,"minecraft:chain":4,"minecraft:bookshelf":2,"minecraft:shulker_box":6,"minecraft:cooked_mutton":10,"minecraft:mace":1,"minecraft:quartz_block":284,"minecraft:glass":32,"minecraft:emerald":78,"minecraft:cooked_porkchop":9,"minecraft:spruce_door":9,"minecraft:copper_ingot":9,"minecraft:fletching_table":1,"minecraft:campfire":10,"minecraft:iron_pickaxe":1,"minecraft:iron_block":48,"minecraft:gold_ingot":267,"minecraft:composter":1,"minecraft:spruce_fence_gate":19,"minecraft:nautilus_shell":2,"minecraft:golden_carrot":15,"minecraft:iron_nugget":27,"minecraft:bone_meal":15,"minecraft:lantern":12,"minecraft:diamond":9,"minecraft:dark_oak_fence":9,"minecraft:spruce_stairs":112,"minecraft:spruce_slab":132,"minecraft:spruce_boat":1,"minecraft:dark_oak_planks":12,"minecraft:lead":18,"minecraft:crossbow":8,"minecraft:glowstone":27,"minecraft:enchanted_book":1,"minecraft:oak_fence_gate":2,"minecraft:golden_apple":5,"minecraft:brick":1,"minecraft:oak_planks":160,"minecraft:barrel":5,"minecraft:spruce_hanging_sign":6,"minecraft:stone":87,"minecraft:cobblestone_stairs":23,"minecraft:bow":8,"minecraft:chest":18,"minecraft:oak_button":8,"minecraft:bricks":30,"minecraft:oak_fence":18,"minecraft:crafting_table":14,"minecraft:spruce_planks":1808,"minecraft:baked_potato":371,"minecraft:gold_block":39,"minecraft:birch_planks":4,"minecraft:spruce_trapdoor":84,"minecraft:yellow_dye":4,"minecraft:paper":537,"minecraft:emerald_block":16,"minecraft:shield":3,"minecraft:stick":1848,"minecraft:light_blue_dye":1,"minecraft:iron_ingot":57,"minecraft:light_blue_shulker_box":1,"minecraft:shears":1,"minecraft:oak_door":18,"minecraft:stone_brick_wall":5,"minecraft:fishing_rod":1,"minecraft:diamond_block":12,"minecraft:flint_and_steel":5,"minecraft:iron_hoe":1,"minecraft:chiseled_bookshelf":1,"minecraft:cobblestone_wall":19,"minecraft:cooked_beef":29,"minecraft:spruce_sign":12,"minecraft:bucket":2,"minecraft:air":0,"minecraft:gold_nugget":117,"minecraft:torch":288,"minecraft:lapis_lazuli":72,"minecraft:carrot_on_a_stick":1,"minecraft:firework_rocket":1158},"minecraft:dropped":{"minecraft:ominous_bottle":3,"minecraft:cooked_beef":10,"minecraft:glass_bottle":11,"minecraft:diamond":1,"minecraft:crafting_table":1,"minecraft:warped_roots":2,"minecraft:cracked_stone_bricks":1,"minecraft:purpur_stairs":3,"minecraft:elytra":2,"minecraft:leather_helmet":1,"minecraft:red_mushroom":2,"minecraft:dirt":9,"minecraft:scrape_pottery_sherd":4,"minecraft:netherite_boots":1,"minecraft:bone_meal":2,"minecraft:sand":55,"minecraft:white_wool":1,"minecraft:bone":163,"minecraft:compass":1,"minecraft:sugar_cane":2,"minecraft:cooked_chicken":1,"minecraft:cobbled_deepslate":280,"minecraft:netherite_sword":3,"minecraft:rotten_flesh":70,"minecraft:oak_planks":4,"minecraft:light_gray_carpet":3,"minecraft:glowstone_dust":4,"minecraft:azure_bluet":1,"minecraft:white_bed":1,"minecraft:waxed_copper_block":2,"minecraft:wind_charge":161,"minecraft:red_candle":3,"minecraft:leather_boots":1,"minecraft:end_stone_bricks":5,"minecraft:beef":2,"minecraft:enchanted_book":31,"minecraft:iron_ingot":25,"minecraft:netherite_pickaxe":4,"minecraft:wheat_seeds":468,"minecraft:waxed_oxidized_cut_copper_stairs":1,"minecraft:netherite_helmet":1,"minecraft:netherite_chestplate":1,"minecraft:oak_fence":3,"minecraft:cobblestone":148,"minecraft:book":5,"minecraft:apple":6,"minecraft:granite":17,"minecraft:coal":5,"minecraft:potion":1,"minecraft:oak_stairs":1,"minecraft:armadillo_scute":2,"minecraft:heart_of_the_sea":1,"minecraft:white_banner":1,"minecraft:iron_shovel":1,"minecraft:string":176,"minecraft:purpur_pillar":1,"minecraft:player_head":4,"minecraft:stone_sword":1,"minecraft:white_carpet":9,"minecraft:white_terracotta":2,"minecraft:nether_bricks":12,"minecraft:pumpkin_seeds":8,"minecraft:blast_furnace":3,"minecraft:lily_of_the_valley":2,"minecraft:diamond_sword":2,"minecraft:flower_pot":2,"minecraft:allium":3,"minecraft:spruce_planks":1,"minecraft:diamond_pickaxe":1,"minecraft:yellow_bed":1,"minecraft:redstone_torch":1,"minecraft:stone_bricks":1,"minecraft:spider_eye":81,"minecraft:bow":1,"minecraft:bell":2,"minecraft:magma_block":12,"minecraft:black_wool":1,"minecraft:guster_pottery_sherd":2,"minecraft:oak_log":19,"minecraft:baked_potato":38,"minecraft:ender_pearl":1053,"minecraft:netherite_upgrade_smithing_template":3,"minecraft:tide_armor_trim_smithing_template":4,"minecraft:leather":3,"minecraft:honeycomb":32,"minecraft:jungle_planks":1,"minecraft:heavy_core":2,"minecraft:cod":30,"minecraft:cut_sandstone":2,"minecraft:snowball":56,"minecraft:purpur_block":4,"minecraft:blackstone":2,"minecraft:chiseled_tuff_bricks":1,"minecraft:diamond_shovel":1,"minecraft:honey_bottle":2,"minecraft:carrot":2,"minecraft:oak_fence_gate":1,"minecraft:trident":3,"minecraft:gunpowder":16,"minecraft:iron_bars":1,"minecraft:arrow":39,"minecraft:quartz":240,"minecraft:oak_leaves":3,"minecraft:netherrack":1297,"minecraft:firework_rocket":1,"minecraft:bread":1,"minecraft:copper_ingot":1,"minecraft:ominous_trial_key":3,"minecraft:grass_block":1,"minecraft:flow_armor_trim_smithing_template":1,"minecraft:stick":4,"minecraft:iron_block":2,"minecraft:diorite":6,"minecraft:torch":128,"minecraft:waxed_copper_bulb":1,"minecraft:waxed_oxidized_copper":6,"minecraft:flow_banner_pattern":5,"minecraft:chiseled_sandstone":1,"minecraft:smooth_basalt":31,"minecraft:redstone":6,"minecraft:tuff_bricks":29,"minecraft:kelp":27,"minecraft:flow_pottery_sherd":4,"minecraft:raw_copper":28,"minecraft:tuff":8,"minecraft:stripped_oak_log":1,"minecraft:totem_of_undying":1,"minecraft:glass_pane":3,"minecraft:netherite_leggings":1,"minecraft:filled_map":8,"minecraft:shield":6,"minecraft:trial_key":3,"minecraft:andesite":64,"minecraft:golden_sword":1,"minecraft:slime_ball":38,"minecraft:light_blue_terracotta":2,"minecraft:nautilus_shell":4,"minecraft:waxed_oxidized_copper_grate":21,"minecraft:brick":33},"minecraft:broken":{"minecraft:carrot_on_a_stick":1,"minecraft:flint_and_steel":3},"minecraft:killed_by":{"minecraft:pufferfish":1,"minecraft:zombie":1,"minecraft:shulker":2,"minecraft:creeper":1,"minecraft:drowned":5,"minecraft:piglin":2,"minecraft:cave_spider":1,"minecraft:spider":1},"minecraft:custom":{"minecraft:interact_with_crafting_table":120,"minecraft:open_barrel":421,"minecraft:bell_ring":3,"minecraft:eat_cake_slice":7,"minecraft:leave_game":37,"minecraft:time_since_death":24432,"minecraft:damage_blocked_by_shield":692,"minecraft:play_time":1469099,"minecraft:deaths":79,"minecraft:jump":7100,"minecraft:interact_with_furnace":33,"minecraft:traded_with_villager":101,"minecraft:sleep_in_bed":9,"minecraft:damage_dealt":35121,"minecraft:interact_with_smoker":53,"minecraft:inspect_dispenser":3,"minecraft:horse_one_cm":305509,"minecraft:interact_with_smithing_table":4,"minecraft:interact_with_anvil":44,"minecraft:inspect_hopper":26,"minecraft:sneak_time":45261,"minecraft:interact_with_blast_furnace":16,"minecraft:total_world_time":1469099,"minecraft:interact_with_stonecutter":13,"minecraft:time_since_rest":24495,"minecraft:swim_one_cm":467195,"minecraft:fly_one_cm":1265329,"minecraft:open_chest":1129,"minecraft:fish_caught":1,"minecraft:fall_one_cm":297612,"minecraft:animals_bred":5,"minecraft:open_shulker_box":572,"minecraft:damage_resisted":2363,"minecraft:sprint_one_cm":2343368,"minecraft:drop":2008,"minecraft:talked_to_villager":97,"minecraft:interact_with_brewingstand":61,"minecraft:walk_on_water_one_cm":131822,"minecraft:interact_with_loom":2,"minecraft:open_enderchest":69,"minecraft:crouch_one_cm":104457,"minecraft:mob_kills":1986,"minecraft:climb_one_cm":65626,"minecraft:walk_one_cm":4333797,"minecraft:walk_under_water_one_cm":389172,"minecraft:boat_one_cm":51701,"minecraft:pot_flower":1,"minecraft:interact_with_grindstone":1,"minecraft:damage_taken":31469,"minecraft:pig_one_cm":11097,"minecraft:aviate_one_cm":30942033}},"DataVersion":3953}