{"stats":{"minecraft:killed":{"minecraft:zombie":1,"minecraft:enderman":783},"minecraft:used":{"minecraft:diamond_pickaxe":152,"minecraft:end_rod":1,"minecraft:firework_rocket":9,"minecraft:lantern":1,"minecraft:polished_andesite":3,"minecraft:oak_planks":15,"minecraft:spruce_planks":4,"minecraft:chest":4,"minecraft:diamond_sword":233,"minecraft:cobblestone":52,"minecraft:cod":7},"minecraft:killed_by":{"minecraft:creeper":1},"minecraft:picked_up":{"minecraft:raw_iron":2,"minecraft:diamond_sword":3,"minecraft:lapis_lazuli":35,"minecraft:dirt":7,"minecraft:lantern":1,"minecraft:polished_andesite":3,"minecraft:bone":1,"minecraft:rotten_flesh":1,"minecraft:spruce_planks":4,"minecraft:end_rod":1,"minecraft:chest":4,"minecraft:oak_planks":15,"minecraft:cod":20,"minecraft:cobblestone":135,"minecraft:ender_pearl":41},"minecraft:mined":{"minecraft:spruce_planks":4,"minecraft:iron_ore":2,"minecraft:short_grass":1,"minecraft:chest":4,"minecraft:lantern":1,"minecraft:end_rod":1,"minecraft:dirt":8,"minecraft:cobblestone":37,"minecraft:stone":98,"minecraft:polished_andesite":3,"minecraft:oak_planks":15},"minecraft:dropped":{"minecraft:diamond_sword":2,"minecraft:ender_pearl":4,"minecraft:rotten_flesh":1,"minecraft:music_disc_13":1},"minecraft:custom":{"minecraft:time_since_rest":41957,"minecraft:sprint_one_cm":79733,"minecraft:open_enderchest":1,"minecraft:damage_taken":609,"minecraft:walk_one_cm":262307,"minecraft:mob_kills":805,"minecraft:drop":5,"minecraft:damage_dealt":3702,"minecraft:fly_one_cm":23211,"minecraft:open_barrel":2,"minecraft:open_chest":44,"minecraft:crouch_one_cm":22354,"minecraft:open_shulker_box":1,"minecraft:play_time":81297,"minecraft:deaths":1,"minecraft:sneak_time":5490,"minecraft:aviate_one_cm":165960,"minecraft:jump":208,"minecraft:interact_with_grindstone":6,"minecraft:enchant_item":5,"minecraft:leave_game":4,"minecraft:walk_on_water_one_cm":15,"minecraft:time_since_death":41914,"minecraft:sleep_in_bed":2,"minecraft:climb_one_cm":3227,"minecraft:total_world_time":81297,"minecraft:fall_one_cm":3901}},"DataVersion":3953}